Servidor de administración virtual,Grupo,Dispositivo,Placa madre,CPU,"Memoria, en MB",Almacenamiento de datos,"Total, en GB","Total disponible, en GB",Adaptador de video,Controlador de interfaz de red,Tarjeta de sonido,Unidad de disco óptico,Monitor,Dirección IP:,Dirección IPv6
,Agencias,PCF0013,H110M-E D3,Intel(R) Celeron(R) CPU G3900 @ 2.80GHz,8192,CT480BX500SSD1 252/480,480,252,Intel(R) HD Graphics 510,Realtek PCIe GbE Family Controller (70:4D:7B:62:8D:28),"High Definition Audio Device, Sonido Intel(R) para pantallas",HL-DT-ST DVDRAM GH24NSC0,Generic Non-PnP Monitor,192.168.1.94,N/D
,Agencias,PCF0146,H110M-K,Intel(R) Pentium(R) CPU G4400 @ 3.30GHz,8192,"KINGSTON SA400S37120G 42/120, TOSHIBA DT01ACA050 409/500",620,451,Intel(R) HD Graphics 510,Realtek PCIe GbE Family Controller (88:D7:F6:40:ED:1D),"High Definition Audio Device, Intel(R) Display Audio",,Generic PnP Monitor,192.168.4.38,N/D
,Agencias,PCF0153,H110M-A/M.2,Intel(R) Pentium(R) CPU G4400 @ 3.30GHz,8192,KINGSTON SA400S37480G 391/480,480,391,Intel(R) HD Graphics 510,Intel(R) Ethernet Connection (2) I219-V (B0:6E:BF:7F:71:E8),"Realtek High Definition Audio, Intel(R) Display Audio",,Generic PnP Monitor,192.168.2.141,N/D
,Agencias,PCF0154,H110M-C,Intel(R) Pentium(R) CPU G4400 @ 3.30GHz,8192,KINGSTON SA400S37480G 370/480,480,370,Intel(R) HD Graphics 510,Realtek PCIe GbE Family Controller (60:45:CB:A5:CF:32),"Realtek High Definition Audio, Intel(R) Display Audio",,Generic PnP Monitor,192.168.14.127,N/D
,Agencias,PCF0162,H110M-C,Intel(R) Pentium(R) CPU G4400 @ 3.30GHz,8192,HS-SSD-C100 480G 313/480,480,313,"NVIDIA GeForce GT 710, Intel(R) HD Graphics 510",Realtek PCIe GbE Family Controller (60:45:CB:A4:62:65),"Realtek High Definition Audio, NVIDIA High Definition Audio, Intel(R) Display Audio",,Generic PnP Monitor,192.168.16.203,N/D
,Agencias,PCF0168,H110M-R,Intel(R) Pentium(R) CPU G4400 @ 3.30GHz,8192,"KINGSTON SA400S37120G 16/120, ST1000DM010-2EP102 868/1000",1120,884,Intel(R) HD Graphics 510,Realtek PCIe GbE Family Controller (18:31:BF:B1:E5:30),"Realtek High Definition Audio, Intel(R) Display Audio",,Generic PnP Monitor,192.168.11.70,N/D
,Agencias,PCF0169,H110M-R,Intel(R) Pentium(R) CPU G4400 @ 3.30GHz,8192,"ST1000DM010-2EP102 867/1000, Patriot Burst Elite 240GB 156/240",1240,1023,Intel(R) HD Graphics 510,Realtek PCIe GbE Family Controller (4C:ED:FB:97:E4:2B),"High Definition Audio Device, Intel(R) Display Audio",,Generic PnP Monitor,192.168.12.165,N/D
,Agencias,PCF0171,H110M-R,Intel(R) Pentium(R) CPU G4400 @ 3.30GHz,8192,HP SSD S700 500GB 406/500,500,406,Intel(R) HD Graphics 510,Realtek PCIe GbE Family Controller (4C:ED:FB:97:DF:00),Intel(R) Display Audio,,Generic PnP Monitor (CN42103SXJ),192.168.11.50,N/D
,Agencias,PCF0182,H110M-K,Intel(R) Core(TM) i3-7100 CPU @ 3.90GHz,8192,KINGSTON SA400S37480G 179/480,480,179,Intel(R) HD Graphics 630,Realtek PCIe GbE Family Controller (18:31:BF:CB:5E:21),"Intel(R) Display Audio, Realtek High Definition Audio",,"Generic PnP Monitor, Generic PnP Monitor (401NDBP2J909)",192.168.9.169,N/D
,Agencias,PCF0188,H110M-K,Intel(R) Pentium(R) CPU G4400 @ 3.30GHz,8192,"ST1000DM010-2EP102 846/1000, KINGSTON SA400S37240G 119/240",1240,965,Intel(R) HD Graphics 510,Realtek PCIe GbE Family Controller (4C:ED:FB:6A:DD:F9),"Realtek High Definition Audio, Intel(R) Display Audio",,Generic PnP Monitor,192.168.9.176,N/D
,Agencias,PCF0191,H310M PRO-VH (MS-7B33),Intel(R) Core(TM) i3-8100 CPU @ 3.60GHz,8192,"TOSHIBA DT01ACA100 912/1000, KINGSTON SA400S37240G 144/240",1240,1056,Intel(R) UHD Graphics 630,Realtek PCIe GbE Family Controller (30:9C:23:DE:F9:DF),"Realtek High Definition Audio, Intel(R) Display Audio",,Generic PnP Monitor,192.168.11.71,N/D
,Agencias,PCF0217,PRIME H310M-A R2.0,Intel(R) Core(TM) i3-8100 CPU @ 3.60GHz,8192,"ST1000DM010-2EP102 126/1000, KINGSTON SA400S37240G 137/240",1240,263,Intel(R) UHD Graphics 630,Realtek PCIe GbE Family Controller (04:92:26:4E:81:D5),"Intel(R) Display Audio, Realtek High Definition Audio",,Generic PnP Monitor,192.168.13.64,N/D
,Agencias,PCF0218,PRIME H310M-A R2.0,Intel(R) Core(TM) i3-8100 CPU @ 3.60GHz,8192,"ST1000DM010-2EP102 867/1000, KINGSTON SA400S37480G 341/480",1480,1208,Intel(R) UHD Graphics 630,Realtek PCIe GbE Family Controller (04:92:26:4E:81:72),"Intel(R) Display Audio, Realtek High Definition Audio",,Generic PnP Monitor,192.168.13.83,N/D
,Agencias,PCF0221,PRIME H310M-E R2.0,Intel(R) Core(TM) i3-8100 CPU @ 3.60GHz,8192,KINGSTON SA400S37480G 215/480,480,215,Intel(R) UHD Graphics 630,Realtek PCIe GbE Family Controller (14:EB:B6:BF:12:42),"Intel(R) Display Audio, High Definition Audio Device",,"Generic PnP Monitor (CN42132JJQ), Generic PnP Monitor",192.168.8.95,N/D
,Agencias,PCF0222,N/D,N/D,N/D,N/D,N/D,N/D,N/D,N/D,N/D,N/D,N/D,192.168.6.62,N/D
,Agencias,PCF0223,PRIME H310M-E R2.0,Intel(R) Core(TM) i3-8100 CPU @ 3.60GHz,8192,ST1000DM010-2EP102 822/1000,1000,822,Intel(R) UHD Graphics 630,Realtek PCIe GbE Family Controller (04:D4:C4:AC:94:16),Intel(R) Display Audio,,Generic PnP Monitor,192.168.40.110,N/D
,Agencias,PCF0223~~16819,PRIME H310M-E R2.0,Intel(R) Core(TM) i3-8100 CPU @ 3.60GHz,8192,KINGSTON SA400S37480G 297/480,480,297,Intel(R) UHD Graphics 630,Realtek PCIe GbE Family Controller (04:D4:C4:AC:94:16),"Intel(R) Display Audio, High Definition Audio Device",,Generic PnP Monitor,192.168.8.93,N/D
,Agencias,PCF0227,PRIME H310M-E R2.0,Intel(R) Core(TM) i5-8400 CPU @ 2.80GHz,8192,ST1000DM010-2EP102 236/1000,1000,236,Intel(R) UHD Graphics 630,Realtek PCIe GbE Family Controller (04:D4:C4:AC:96:6B),Intel(R) Display Audio,,Generic PnP Monitor,192.168.1.156,N/D
,Agencias,PCF0229,PRIME H310M-E R2.0,Intel(R) Core(TM) i3-8100 CPU @ 3.60GHz,8192,ST1000DM010-2EP102 727/1000,1000,727,Intel(R) UHD Graphics 630,Realtek PCIe GbE Family Controller (04:D4:C4:AC:94:07),Intel(R) Display Audio,,Generic PnP Monitor,192.168.8.74,N/D
,Agencias,PCF0231,PRIME H310M-E R2.0,Intel(R) Core(TM) i3-8100 CPU @ 3.60GHz,8192,ST1000DM010-2EP102 868/1000,1000,868,Intel(R) UHD Graphics 630,Realtek PCIe GbE Family Controller (04:D9:F5:33:79:A9),"Intel(R) Display Audio, High Definition Audio Device",,Generic PnP Monitor,192.168.1.70,N/D
,Agencias,PCF0232,PRIME H310M-E R2.0,Intel(R) Core(TM) i3-8100 CPU @ 3.60GHz,8192,KINGSTON SA400S37480G 363/480,480,363,Intel(R) UHD Graphics 630,Realtek PCIe GbE Family Controller (04:D9:F5:33:7C:0E),Intel(R) Display Audio,,Generic PnP Monitor,192.168.2.135,N/D
,Agencias,PCF0233,PRIME H310M-E R2.0,Intel(R) Core(TM) i3-8100 CPU @ 3.60GHz,8192,ST1000DM010-2EP102 879/1000,1000,879,Intel(R) UHD Graphics 630,Realtek PCIe GbE Family Controller (04:D4:C4:AC:94:AD),Intel(R) Display Audio,,"Generic PnP Monitor, Generic PnP Monitor (CN42132JJG)",192.168.1.84,N/D
,Agencias,PCF0234,PRIME H310M-E R2.0,Intel(R) Core(TM) i3-8100 CPU @ 3.60GHz,8192,"ST1000DM010-2EP102 388/1000, KINGSTON SA400S37480G 364/480",1480,752,Intel(R) UHD Graphics 630,Realtek PCIe GbE Family Controller (04:D9:F5:33:7A:48),"Intel(R) Display Audio, Realtek High Definition Audio",,Generic PnP Monitor,192.168.7.53,N/D
,Agencias,PCF0236,PRIME H310M-E R2.0,Intel(R) Core(TM) i3-8100 CPU @ 3.60GHz,8192,KINGSTON SA400S37480G 309/480,480,309,Intel(R) UHD Graphics 630,Realtek PCIe GbE Family Controller (04:D9:F5:61:C9:E3),Intel(R) Display Audio,,"Generic PnP Monitor (CN42171ZNY), Generic PnP Monitor",192.168.2.119,N/D
,Agencias,PCF0238,PRIME H310M-E R2.0,Intel(R) Core(TM) i3-8100 CPU @ 3.60GHz,8192,KINGSTON SA400S37480G 145/480,480,145,Intel(R) UHD Graphics 630,Realtek PCIe GbE Family Controller (04:D9:F5:61:C9:E0),Intel(R) Display Audio,,Generic PnP Monitor,192.168.4.89,N/D
,Agencias,PCF0240,PRIME H310M-E R2.0,Intel(R) Core(TM) i3-8100 CPU @ 3.60GHz,8192,KINGSTON SA400S37240G 153/240,240,153,Intel(R) UHD Graphics 630,Realtek PCIe GbE Family Controller (04:D9:F5:33:79:3B),"Intel(R) Display Audio, High Definition Audio Device",,Generic PnP Monitor,192.168.12.120,N/D
,Agencias,PCF0250,PRIME H310M-D R2.0,Intel(R) Core(TM) i3-8100 CPU @ 3.60GHz,8192,ST1000DM010-2EP102 868/1000,1000,868,Intel(R) UHD Graphics 630,Realtek PCIe GbE Family Controller (04:92:26:CF:07:16),Intel(R) Display Audio,,Generic PnP Monitor,192.168.9.85,N/D
,Agencias,PCF0251,PRIME H310M-D R2.0,Intel(R) Core(TM) i3-8100 CPU @ 3.60GHz,8192,"ST1000DM010-2EP102 381/1000, TOSHIBA DT01ACA050 389/480",1480,770,Intel(R) UHD Graphics 630,Realtek PCIe GbE Family Controller (04:92:26:CE:E4:72),Intel(R) Display Audio,,Generic PnP Monitor,192.168.6.65,N/D
,Agencias,PCF0252,PRIME H310M-D R2.0,Intel(R) Core(TM) i3-8100 CPU @ 3.60GHz,8192,ST1000DM010-2EP102 857/1000,1000,857,Intel(R) UHD Graphics 630,Realtek PCIe GbE Family Controller (04:92:26:CF:06:9B),Intel(R) Display Audio,,Generic PnP Monitor,192.168.4.165,N/D
,Agencias,PCF0258,PRIME H310M-D R2.0,Intel(R) Core(TM) i3-9100 CPU @ 3.60GHz,8192,ST1000DM010-2EP102 872/1000,1000,872,Intel(R) UHD Graphics 630,Realtek PCIe GbE Family Controller (04:92:26:4E:38:77),Intel(R) Display Audio,,Generic PnP Monitor,192.168.7.79,N/D
,Agencias,PCF0266,PRIME H310M-E R2.0,Intel(R) Core(TM) i3-9100 CPU @ 3.60GHz,8192,ST1000DM010-2EP102 843/1000,1000,843,Intel(R) UHD Graphics 630,Realtek PCIe GbE Family Controller (A8:5E:45:2B:4D:1D),Intel(R) Display Audio,,Generic PnP Monitor,192.168.9.152,N/D
,Agencias,PCF0268,PRIME H310M-E R2.0,Intel(R) Core(TM) i3-9100 CPU @ 3.60GHz,8192,KINGSTON SA400S37120G 9/120,120,9,Intel(R) UHD Graphics 630,Realtek PCIe GbE Family Controller (A8:5E:45:2B:48:FC),Intel(R) Display Audio,,"Generic PnP Monitor, Generic PnP Monitor (CN42132JHX)",192.168.7.74,N/D
,Agencias,PCF0271,PRIME H310M-E R2.0,Intel(R) Core(TM) i3-9100 CPU @ 3.60GHz,8192,Patriot Burst Elite 240GB 126/240,240,126,Intel(R) UHD Graphics 630,Realtek PCIe GbE Family Controller (A8:5E:45:69:C0:B2),"Intel(R) Display Audio, High Definition Audio Device",,Generic PnP Monitor,192.168.14.116,N/D
,Agencias,PCF0272,PRIME H310M-E R2.0,Intel(R) Core(TM) i3-9100 CPU @ 3.60GHz,8192,KINGSTON SA400S37480G 406/480,480,406,Intel(R) UHD Graphics 630,Realtek PCIe GbE Family Controller (A8:5E:45:68:D9:A4),"Intel(R) Display Audio, High Definition Audio Device",,Generic PnP Monitor,192.168.14.128,N/D
,Agencias,PCF0285,PRIME H310M-E R2.0,Intel(R) Core(TM) i3-9100F CPU @ 3.60GHz,8192,ST1000DM010-2EP102 883/1000,1000,883,NVIDIA GeForce 210,Realtek PCIe GbE Family Controller (3C:7C:3F:17:86:5A),"NVIDIA High Definition Audio, NVIDIA High Definition Audio, NVIDIA High Definition Audio, NVIDIA High Definition Audio, High Definition Audio Device",,Generic PnP Monitor (H7BR301883),192.168.15.74,N/D
,Agencias,PCF0286,PRIME H310M-E R2.0,Intel(R) Core(TM) i3-9100F CPU @ 3.60GHz,8192,ST1000DM010-2EP102 907/1000,1000,907,NVIDIA GeForce 210,Realtek PCIe GbE Family Controller (3C:7C:3F:17:87:36),"NVIDIA High Definition Audio, NVIDIA High Definition Audio, NVIDIA High Definition Audio, NVIDIA High Definition Audio, High Definition Audio Device",,Generic PnP Monitor (H7BR301925),192.168.15.78,N/D
,Agencias,PCF0287,B360M PRO-VDH (MS-7B24),Intel(R) Core(TM) i3-9100F CPU @ 3.60GHz,8192,ST1000DM010-2EP102 885/1000,1000,885,NVIDIA GeForce 210,"Realtek PCIe GbE Family Controller (00:D8:61:31:47:FC), Realtek PCIe GbE Family Controller (B4:B0:24:CA:1A:7A)","Realtek High Definition Audio, NVIDIA High Definition Audio, NVIDIA High Definition Audio, NVIDIA High Definition Audio, NVIDIA High Definition Audio",,Generic PnP Monitor (H7BR301898),192.168.15.95,N/D
,HOST,SRV2K16-1,,Intel(R) Xeon(R) CPU           E5520  @ 2.27GHz,32768,"HP LOGICAL VOLUME SCSI Disk Device 229/440, Seagate Expansion Desk SCSI Disk Device 1/4000, HP LOGICAL VOLUME SCSI Disk Device 908/1800",6241,1138,Microsoft Basic Display Adapter,"QLogic BCM5709C Gigabit Ethernet (NDIS VBD Client) (98:4B:E1:74:2E:18), QLogic BCM5709C Gigabit Ethernet (NDIS VBD Client) (98:4B:E1:74:2E:40), QLogic BCM5709C Gigabit Ethernet (NDIS VBD Client) (98:4B:E1:74:2E:1A), QLogic BCM5709C Gigabit Ethernet (NDIS VBD Client) (98:4B:E1:74:2E:42)",,,Generic Non-PnP Monitor,192.168.40.253,N/D
,HOST,SRV2K16-3,00Y8494,Intel(R) Xeon(R) CPU E5-2650 0 @ 2.00GHz,49152,"IBM ServeRAID M5110e SCSI Disk Device 5270/8392, QNAP iSCSI Storage SCSI Disk Device 605/2199",10592,5875,Adaptador de pantalla básico de Microsoft,"Intel(R) I350 Gigabit Network Connection, Intel(R) I350 Gigabit Network Connection (40:F2:E9:25:FC:A2), Intel(R) I350 Gigabit Network Connection (40:F2:E9:25:FC:A3), IBM USB Remote NDIS Network Device (42:F2:E9:25:FC:A1), Intel(R) I350 Gigabit Network Connection (40:F2:E9:25:FC:A4)",,IBM SATA  DEVICE 81Y3672,Generic Non-PnP Monitor,192.168.40.4,N/D
,HOST,SRV2K19-1,ProLiant ML30 Gen10,Intel(R) Xeon(R) E-2224 CPU @ 3.40GHz,32768,"HPE LOGICAL VOLUME SCSI Disk Device 385/1000, HPE LOGICAL VOLUME SCSI Disk Device 211/960",1960,596,Matrox G200eh3 (HP) WDDM 2.0,"Generic USB-EEM Network Adapter (D6:5E:AC:9E:38:5C), HPE Ethernet 1Gb 2-port 361i Adapter (94:40:C9:4D:F8:00), HPE Ethernet 1Gb 2-port 361i Adapter (94:40:C9:4D:F8:01), Hyper-V Virtual Ethernet Adapter (94:40:C9:4D:F8:00)",,,Generic PnP Monitor (71804254SL0),192.168.40.77,N/D
,HOST,SRV2K19-2,-[7X04CTO1WW]-,Intel(R) Xeon(R) Gold 5118 CPU @ 2.30GHz,204800,"QNAP iSCSI Storage SCSI Disk Device 621/2199, Lenovo RAID 930-16i 4GB SCSI Disk Device 3322/7195, Seagate Expansion Desk SCSI Disk Device 3768/4000, Lenovo RAID 530-8i SCSI Disk Device 565/1595, QNAP iSCSI Storage SCSI Disk Device 157/858",15850,8433,Microsoft Basic Display Adapter (Low Resolution),"Intel(R) Ethernet Connection X722, Broadcom NetXtreme Gigabit Ethernet (00:0A:F7:D7:72:A1), Broadcom NetXtreme Gigabit Ethernet (00:0A:F7:D7:72:A3), IBM USB Remote NDIS Network Device (0A:94:EF:5C:C6:6D), Broadcom NetXtreme Gigabit Ethernet (00:0A:F7:D7:72:A0), Broadcom NetXtreme Gigabit Ethernet (00:0A:F7:D7:72:A2), Intel(R) Ethernet Connection X722 for 1GbE (08:94:EF:5C:CC:AC), Intel(R) Ethernet Connection X722 for 1GbE (08:94:EF:5C:CC:AD)",,,Generic Non-PnP Monitor,192.168.40.6,N/D
,HOST,SRV2K19-3,SB27A92818,Intel(R) Xeon(R) Silver 4410Y,393216,"Lenovo RAID 940-32i 8GB SCSI Disk Device 5196/7671, QNAP iSCSI Storage SCSI Disk Device 5201/5497, Lenovo RAID 940-32i 8GB SCSI Disk Device 820/3835",17005,11217,Microsoft Basic Display Adapter,"Broadcom NetXtreme Gigabit Ethernet (00:62:0B:0A:8E:91), Broadcom NetXtreme Gigabit Ethernet, Broadcom NetXtreme Gigabit Ethernet (00:62:0B:0A:8E:93), Broadcom NetXtreme Gigabit Ethernet (00:62:0B:0A:8E:90)",,,Generic PnP Monitor (71804254SL0),192.168.40.8,N/D
,HOST,SRVFACT2K19,Virtual Machine,Intel(R) Xeon(R) Silver 4410Y,16000,Microsoft Virtual Disk 18/136,136,18,Microsoft Hyper-V Video,Microsoft Hyper-V Network Adapter (00:15:5D:CF:A6:05),,,Generic PnP Monitor,192.168.40.32,N/D
,HOST,VT1-HYPERV,81Y7073,Intel(R) Xeon(R) CPU E3-1230 V2 @ 3.30GHz,24576,"IBM-ESXS ST91000640SS SCSI Disk Device 999/1000, LENOVO-X ST91000640SS SCSI Disk Device 954/1000, IBM-ESXS ST91000640SS SCSI Disk Device 741/1000, LENOVO-X ST91000640SS SCSI Disk Device 999/1000",4000,3693,Microsoft Basic Display Adapter,"Intel(R) 82574L Gigabit Network Connection (40:F2:E9:39:4A:CC), Intel(R) 82574L Gigabit Network Connection (40:F2:E9:39:4A:CD), IBM USB Remote NDIS Network Device (42:F2:E9:39:4A:CF)",,IBM SATA DEVICE 81Y3681 ATA Device,Generic Non-PnP Monitor,192.168.40.248,N/D
,HOST,VT2-HYPERV,ProLiant DL160 Gen10,Intel(R) Xeon(R) Bronze 3206R CPU @ 1.90GHz,65536,"HPE LOGICAL VOLUME SCSI Disk Device 2218/2879, Seagate Expansion Desk SCSI Disk Device 1739/8001",10881,3957,Microsoft Basic Display Adapter,"Intel(R) Ethernet I210-T1 GbE NIC (A0:36:9F:B1:0D:B7), HPE Ethernet 1Gb 2-port 368i Adapter (B4:7A:F1:A8:7D:69), HPE Ethernet 1Gb 2-port 368i Adapter (B4:7A:F1:A8:7D:68)",,,Generic PnP Monitor,192.168.40.245,N/D
,HOST,VT3-HYPERV,00Y8494,Intel(R) Xeon(R) CPU E5-2620 0 @ 2.00GHz,65536,"IBM ServeRAID M5110e SCSI Disk Device 4056/4994, IBM ServeRAID M5110e SCSI Disk Device 432/1197",6192,4488,Microsoft Basic Display Adapter,"Intel(R) I350 Gigabit Network Connection (40:F2:E9:25:0C:DB), Intel(R) I350 Gigabit Network Connection (40:F2:E9:25:0C:DC), Intel(R) I350 Gigabit Network Connection (40:F2:E9:25:0C:DD), Intel(R) I350 Gigabit Network Connection (40:F2:E9:25:0C:DA), IBM USB Remote NDIS Network Device (42:F2:E9:25:0C:D9)",,IBM SATA DEVICE 81Y3657,Generic Non-PnP Monitor,192.168.40.250,N/D
,HOST,VT4-HYPERV,-[7X08CTO1WW]-,Intel(R) Xeon(R) Silver 4110 CPU @ 2.10GHz,196608,Lenovo RAID 530-8i SCSI Disk Device 7203/13432,13432,7203,Microsoft Basic Display Adapter (Low Resolution),"Broadcom NetXtreme Gigabit Ethernet (B0:26:28:93:B7:3C), IBM USB Remote NDIS Network Device (0A:94:EF:99:18:0B), Broadcom NetXtreme Gigabit Ethernet (B0:26:28:93:B7:3F), Hyper-V Virtual Ethernet Adapter (B0:26:28:93:B7:3E), Intel(R) Ethernet Connection X722 for 1GbE (08:94:EF:99:1C:B9), Broadcom NetXtreme Gigabit Ethernet (B0:26:28:93:B7:3D), Intel(R) Ethernet Connection X722 for 1GbE (08:94:EF:99:1C:BA), Intel(R) Ethernet Connection X722 for 1GbE (08:94:EF:99:1C:B8)",,,Generic Non-PnP Monitor,192.168.40.35,N/D
,LapTops,NTB0014,N/D,N/D,N/D,N/D,N/D,N/D,N/D,N/D,N/D,N/D,N/D,192.168.31.40,N/D
,LapTops,NTB0016,84A7,Intel(R) Core(TM) i7-8550U CPU @ 1.80GHz,8192,KINGSTON SA400S37240G 148/240,240,148,"NVIDIA GeForce MX130, Intel(R) UHD Graphics 620","Realtek PCIe GbE Family Controller (04:0E:3C:E0:60:46), Realtek RTL8723DE 802.11b/g/n PCIe Adapter (C0:E4:34:05:28:21)","Sonido Intel(R) para pantallas, Realtek High Definition Audio",,Integrated Monitor,192.168.31.36,N/D
,LapTops,NTB0023,84A7,Intel(R) Core(TM) i7-8550U CPU @ 1.80GHz,8192,ST1000LM035-1RK172 875/1000,1000,875,"NVIDIA GeForce MX130, Intel(R) UHD Graphics 620","Realtek PCIe GbE Family Controller (E8:D8:D1:88:8C:EB), Bluetooth Device (Personal Area Network) (70:66:55:01:B1:90), Realtek RTL8723DE 802.11b/g/n PCIe Adapter (70:66:55:01:B1:91)","Sonido Intel(R) para pantallas, Realtek High Definition Audio",,Generic PnP Monitor,192.168.31.36,N/D
,LapTops,NTB0029,84A7,Intel(R) Core(TM) i7-8550U CPU @ 1.80GHz,8192,HS-SSD-C100 480G 399/480,480,399,"NVIDIA GeForce MX130, Intel(R) UHD Graphics 620","Realtek PCIe GbE Family Controller (E8:D8:D1:88:8C:61), SonicWall NetExtender Adapter (53:4E:57:00:00:00), SonicWALL Virtual NIC, Realtek RTL8723DE 802.11b/g/n PCIe Adapter (70:66:55:01:EE:B5)","Sonido Intel(R) para pantallas, Realtek High Definition Audio",,Integrated Monitor,192.168.31.35,N/D
,LapTops,NTB-0031,84A7,Intel(R) Core(TM) i7-8550U CPU @ 1.80GHz,8192,HS-SSD-C100 480G 312/480,480,312,"NVIDIA GeForce MX130, Intel(R) UHD Graphics 620","Realtek PCIe GbE Family Controller (E8:D8:D1:88:8A:9C), Realtek RTL8723DE 802.11b/g/n PCIe Adapter (C0:E4:34:F6:69:E7)","Sonido Intel(R) para pantallas, Realtek High Definition Audio",,Integrated Monitor,192.168.31.37,N/D
,LapTops,NTB0032,N/D,N/D,N/D,N/D,N/D,N/D,N/D,N/D,N/D,N/D,N/D,192.168.1.136,N/D
,LapTops,NTB0033,881D,11th Gen Intel(R) Core(TM) i3-1115G4 @ 3.00GHz,8192,NVMe CT500P2SSD8 172/500,500,172,Intel(R) UHD Graphics,"Realtek RTL8822CE 802.11ac PCIe Adapter (74:97:79:05:2C:CF), Realtek PCIe GbE Family Controller (E0:73:E7:71:2F:B0)","Intel® Smart Sound Technology for USB Audio, Intel® Smart Sound Technology for Bluetooth® Audio, Realtek High Definition Audio, Intel® Smart Sound Technology for Digital Microphones",,Integrated Monitor,192.168.1.56,N/D
,LapTops,NTB0035,03VVMC,11th Gen Intel(R) Core(TM) i5-1135G7 @ 2.40GHz,8192,NVMe PC SN530 NVMe WDC 256GB 177/256,256,177,Intel(R) Iris(R) Xe Graphics,"Realtek PCIe GbE Family Controller (00:BE:43:75:04:14), Intel(R) Wi-Fi 6 AX201 160MHz (10:A5:1D:FD:9D:A5), Bluetooth Device (Personal Area Network) (10:A5:1D:FD:9D:A9)","Realtek Audio, Intel® Smart Sound Technology for USB Audio, Intel® Smart Sound Technology for Digital Microphones",,Integrated Monitor,192.168.3.233,N/D
,Matriz,PCF0051,H81M-A,Intel(R) Pentium(R) CPU G3250 @ 3.20GHz,8192,"ST1000DM003-1SB102 857/1000, KINGSTON SA400S37120G 22/120",1120,879,Intel(R) HD Graphics,Realtek PCIe GbE Family Controller (34:97:F6:29:F7:34),High Definition Audio Device,,Generic PnP Monitor,192.168.40.135,N/D
,Matriz,PCF0103,H81M-K,Intel(R) Pentium(R) CPU G3250 @ 3.20GHz,8192,ST500DM002-1ER14C 361/500,500,361,Intel(R) HD Graphics,Realtek PCIe GbE Family Controller (14:DD:A9:53:A0:1B),High Definition Audio Device,,"Generic PnP Monitor, Generic PnP Monitor (CNC8272362)",192.168.0.82,N/D
,Matriz,PCF0117,H61M-D,Intel(R) Pentium(R) CPU G2030 @ 3.00GHz,4096,ST500DM002-1BD142 339/500,500,339,Intel(R) HD Graphics,Realtek PCIe GbE Family Controller (40:16:7E:B0:06:86),Realtek High Definition Audio,,Generic PnP Monitor,192.168.0.222,N/D
,Matriz,PCF0120,08NG84,Intel(R) Core(TM) i5-4210M CPU @ 2.60GHz,8192,Samsung SSD 860 PRO 1TB 885/1024,1024,885,Intel(R) HD Graphics 4600,"Intel(R) Dual Band Wireless-AC 7260 (AC:FD:CE:C4:A6:03), Bluetooth Device (Personal Area Network) (AC:FD:CE:C4:A6:07), Realtek PCIe GbE Family Controller (74:E6:E2:DE:C9:A6)",Realtek High Definition Audio,,Generic PnP Monitor,192.168.0.18,N/D
,Matriz,PCF0121,0RRXFP,Intel(R) Core(TM) i7-4710MQ CPU @ 2.50GHz,12288,KINGSTON SA400S37960G 587/960,960,587,"AMD Radeon HD 8600M Series, Intel(R) HD Graphics 4600","Intel(R) Dual Band Wireless-AC 7260 (80:19:34:BD:5B:AA), Bluetooth Device (Personal Area Network) (80:19:34:BD:5B:AE), Realtek PCIe GbE Family Controller (74:E6:E2:DD:5A:9D)",High Definition Audio Device,,Generic PnP Monitor,192.168.0.98,N/D
,Matriz,PCF0125,H81M-K,Intel(R) Pentium(R) CPU G3250 @ 3.20GHz,8192,"TOSHIBA DT01ACA100 908/1000, KINGSTON SA400S37240G 119/240",1240,1027,Intel(R) HD Graphics,Realtek PCIe GbE Family Controller (14:DD:A9:52:B3:03),High Definition Audio Device,,Generic PnP Monitor (36784BA143020),192.168.0.14,N/D
,Matriz,PCF0139,H81M-A,Intel(R) Core(TM) i3-4170 CPU @ 3.70GHz,8192,"ST1000DM010-2EP102 826/1000, KINGSTON SA400S37480G 267/480",1480,1093,Intel(R) HD Graphics 4400,Realtek PCIe GbE Family Controller (60:45:CB:63:58:58),"Realtek High Definition Audio, Intel(R) Display Audio",HL-DT-ST DVDRAM GH24NSC0,"Generic PnP Monitor (H1AK500000), Generic PnP Monitor (H1AK500000)",192.168.0.23,N/D
,Matriz,PCF0140,P8H61-M LX3,Intel(R) Core(TM) i3-2100 CPU @ 3.10GHz,8192,ST1000DM003-1ER162 ATA Device 593/1000,1000,593,NVIDIA GeForce GT 710,Realtek PCIe GbE Family Controller (C8:60:00:D1:ED:61),"VIA HD Audio, NVIDIA High Definition Audio",HL-DT-ST DVDRAM GH24NSC0 ATA Device,"Generic PnP Monitor, Generic PnP Monitor (F5A115100569)",192.168.0.174,N/D
,Matriz,PCF0143,H110M-C,Intel(R) Pentium(R) CPU G4400 @ 3.30GHz,8192,"KINGSTON SA400S37120G 39/120, ST1000DM010-2EP102 993/1000",1120,1032,Intel(R) HD Graphics 510,Realtek PCIe GbE Family Controller (2C:4D:54:E9:68:BD),"High Definition Audio Device, Intel(R) Display Audio",,Generic PnP Monitor,192.168.0.33,N/D
,Matriz,PCF0144,H110M-A D3,Intel(R) Pentium(R) CPU G4400 @ 3.30GHz,8192,KINGSTON SA400S37120G 54/120,120,54,Intel(R) HD Graphics 510,Realtek PCIe GbE Family Controller (30:5A:3A:47:2E:B3),"High Definition Audio Device, Intel(R) Display Audio",,Generic PnP Monitor,192.168.0.166,N/D
,Matriz,PCF0147,H110M-K,Intel(R) Pentium(R) CPU G4400 @ 3.30GHz,8192,KINGSTON SA400S37480G 155/480,480,155,Intel(R) HD Graphics 510,Realtek PCIe GbE Family Controller (88:D7:F6:40:EB:98),"Realtek High Definition Audio, NVIDIA Virtual Audio Device (Wave Extensible) (WDM), Intel(R) Display Audio",,"Generic PnP Monitor, Generic PnP Monitor (AQPK81A000008?ø)",192.168.0.138,N/D
,Matriz,PCF0148,H110M-K,Intel(R) Core(TM) i3-7100 CPU @ 3.90GHz,12288,KINGSTON SA400S37480G 334/480,480,334,Intel(R) HD Graphics 630,Realtek PCIe GbE Family Controller (88:D7:F6:40:E8:2B),"Intel(R) Display Audio, Realtek High Definition Audio",,Generic PnP Monitor,192.168.6.237,N/D
,Matriz,PCF0150,H110M-K,Intel(R) Core(TM) i3-7100 CPU @ 3.90GHz,16384,"ST2000DM001-1E6164 0/2000, KINGSTON SA400S37120G 30/120",2120,30,NVIDIA GeForce GT 710,"VMware Virtual Ethernet Adapter for VMnet1 (00:50:56:C0:00:01), VMware Virtual Ethernet Adapter for VMnet8 (00:50:56:C0:00:08), Realtek PCIe GbE Family Controller (88:D7:F6:40:EB:F5)","High Definition Audio Device, NVIDIA High Definition Audio",HL-DT-ST DVDRAM GH22NS40,"Generic PnP Monitor (H1AK500000), Generic PnP Monitor (H1AK500000)",192.168.0.72,N/D
,Matriz,PCF0151,H110M-A/M.2,Intel(R) Core(TM) i3-7100 CPU @ 3.90GHz,8192,KINGSTON SA400S37480G 312/480,480,312,NVIDIA GeForce 210,Intel(R) Ethernet Connection (2) I219-V (B0:6E:BF:7F:76:A5),"NVIDIA High Definition Audio, Realtek High Definition Audio, NVIDIA High Definition Audio, NVIDIA High Definition Audio, NVIDIA Virtual Audio Device (Wave Extensible) (WDM), NVIDIA High Definition Audio",HL-DT-ST DVDRAM GH24NSC0,"Generic PnP Monitor (H4TW300738), Generic PnP Monitor (H4TW300768)",192.168.0.31,N/D
,Matriz,PCF0152,H110M-E/M.2,Intel(R) Core(TM) i5-7400 CPU @ 3.00GHz,8192,"KINGSTON SA400S37240G 139/240, ST1000DM010-2EP102 924/1000",1240,1063,NVIDIA GeForce GT 710,Realtek PCIe GbE Family Controller (B0:6E:BF:5C:55:E5),"High Definition Audio Device, NVIDIA High Definition Audio",,"Generic PnP Monitor (H4TW400417), Generic PnP Monitor (H4TW301038)",192.168.0.53,N/D
,Matriz,PCF0156,H110M-C,Intel(R) Pentium(R) CPU G4400 @ 3.30GHz,8192,TOSHIBA DT01ACA100 848/1000,1000,848,Intel(R) HD Graphics 510,Realtek PCIe GbE Family Controller (60:45:CB:A5:D2:EC),"Realtek High Definition Audio, Intel(R) Display Audio",,Generic PnP Monitor,192.168.0.47,N/D
,Matriz,PCF0158,H110M-E/M.2,Intel(R) Celeron(R) CPU G3930 @ 2.90GHz,8192,WDC WD10SPZX-60Z10T0 912/1000,1000,912,Intel(R) HD Graphics 610,Realtek PCIe GbE Family Controller (B0:6E:BF:5A:EE:9F),"Intel(R) Display Audio, High Definition Audio Device",,Generic PnP Monitor,192.168.0.190,N/D
,Matriz,PCF0160,H110M-R,Intel(R) Pentium(R) CPU G4400 @ 3.30GHz,8192,KINGSTON SA400S37480G 297/480,480,297,NVIDIA GeForce GT 710,Realtek PCIe GbE Family Controller (2C:FD:A1:C0:91:FE),"High Definition Audio Device, NVIDIA High Definition Audio",,"Generic PnP Monitor (H4TW200645), Generic PnP Monitor (H4TW400260)",192.168.0.238,N/D
,Matriz,PCF0161,H110M-R,Intel(R) Pentium(R) CPU G4400 @ 3.30GHz,8192,"ST1000DM010-2EP102 14/1000, KINGSTON SA400S37240G 39/240",1240,53,Intel(R) HD Graphics 510,Realtek PCIe GbE Family Controller (2C:FD:A1:C0:80:25),"Realtek High Definition Audio, NVIDIA Virtual Audio Device (Wave Extensible) (WDM), Intel(R) Display Audio",,"Generic PnP Monitor, Generic PnP Monitor (CN42171ZND)",192.168.0.146,N/D
,Matriz,PCF0165,H110M-D,Intel(R) Pentium(R) CPU G4400 @ 3.30GHz,8192,"KINGSTON SA400S37120G 0/120, ST1000DM010-2EP102 0/1000",1120,0,NVIDIA GeForce GT 710,Realtek PCIe GbE Family Controller (18:31:BF:24:75:B2),"High Definition Audio Device, NVIDIA High Definition Audio",,Generic PnP Monitor (401NDPH2K072),192.168.0.57,N/D
,Matriz,PCF0166,H110M-R,Intel(R) Pentium(R) CPU G4400 @ 3.30GHz,8192,ST1000DM010-2EP102 798/1000,1000,798,Intel(R) HD Graphics 510,"Realtek PCIe GbE Family Controller (18:31:BF:B1:E0:E4), TAP-Windows Adapter V9 (00:FF:1D:21:56:94)",Sonido Intel(R) para pantallas,,"Generic PnP Monitor, Generic PnP Monitor",192.168.0.186,N/D
,Matriz,PCF0167,H110M-R,Intel(R) Pentium(R) CPU G4400 @ 3.30GHz,8192,KINGSTON SA400S37120G 33/120,120,33,Intel(R) HD Graphics 510,Realtek PCIe GbE Family Controller (18:31:BF:B1:E9:9E),"High Definition Audio Device, Intel(R) Display Audio",,Generic PnP Monitor,192.168.0.147,N/D
,Matriz,PCF0170,H110M-R,Intel(R) Pentium(R) CPU G4400 @ 3.30GHz,8192,KINGSTON SA400S37480G 261/480,480,261,NVIDIA GeForce GT 710,Realtek PCIe GbE Family Controller (4C:ED:FB:97:DD:D0),"Realtek High Definition Audio, NVIDIA High Definition Audio",,"Generic PnP Monitor (H4TW200666), Generic PnP Monitor (H4TW200162)",192.168.0.216,N/D
,Matriz,PCF0172,H110M-R,Intel(R) Pentium(R) CPU G4400 @ 3.30GHz,8192,"ST1000DM010-2EP102 400/1000, KINGSTON SA400S37480G 0/480",1480,400,Intel(R) HD Graphics 510,Realtek PCIe GbE Family Controller (4C:ED:FB:97:E4:1B),"Realtek High Definition Audio, Intel(R) Display Audio",,Generic PnP Monitor,192.168.40.109,N/D
,Matriz,PCF0173,H110M-R,Intel(R) Pentium(R) CPU G4400 @ 3.30GHz,8192,VK000480GXAWK 343/480,480,343,Intel(R) HD Graphics 510,Realtek PCIe GbE Family Controller (4C:ED:FB:97:F0:1A),"Realtek High Definition Audio, NVIDIA Virtual Audio Device (Wave Extensible) (WDM), Intel(R) Display Audio",,Generic PnP Monitor,192.168.0.202,N/D
,Matriz,PCF0176,H110M-R,Intel(R) Pentium(R) CPU G4400 @ 3.30GHz,8192,"TOSHIBA DT01ACA100 801/1000, KINGSTON SA400S37480G 362/480",1480,1163,NVIDIA GeForce GT 710,Realtek PCIe GbE Family Controller (4C:ED:FB:97:F0:3A),"Realtek High Definition Audio, NVIDIA Virtual Audio Device (Wave Extensible) (WDM), NVIDIA High Definition Audio",,"Generic PnP Monitor (H4TW400477), Generic PnP Monitor (401NDXQ2J810)",192.168.40.131,N/D
,Matriz,PCF0177,H110M PRO-VH PLUS (MS-7A15),Intel(R) Core(TM) i5-7400 CPU @ 3.00GHz,16384,"TOSHIBA DT01ACA100 333/1000, KINGSTON SA400S37480G 388/480",1480,721,NVIDIA GeForce GT 710,Realtek PCIe GbE Family Controller (30:9C:23:9A:77:F3),"NVIDIA High Definition Audio, High Definition Audio Device",,"Generic PnP Monitor (H4TW400419), Generic PnP Monitor (H4TW400322)",192.168.0.15,N/D
,Matriz,PCF0180,H110M-K,Intel(R) Pentium(R) CPU G4560 @ 3.50GHz,12288,HS-SSD-C100 480G 288/480,480,288,Intel(R) HD Graphics 610,Realtek PCIe GbE Family Controller (18:31:BF:CB:67:74),"Intel(R) Display Audio, High Definition Audio Device, USB Audio Device",,"Generic PnP Monitor, Generic PnP Monitor (00000000SL0)",192.168.0.163,N/D
,Matriz,PCF0181,H110M-K,Intel(R) Pentium(R) CPU G4560 @ 3.50GHz,8192,HP SSD S700 500GB 242/500,500,242,NVIDIA GeForce GT 710,Realtek PCIe GbE Family Controller (18:31:BF:CB:67:76),"Realtek High Definition Audio, NVIDIA High Definition Audio, NVIDIA Virtual Audio Device (Wave Extensible) (WDM)",,"Generic PnP Monitor, Generic PnP Monitor (H4TK400898)",192.168.0.40,N/D
,Matriz,PCF0183,H110M-K,Intel(R) Pentium(R) CPU G4400 @ 3.30GHz,4096,TOSHIBA DT01ACA100 783/1000,1000,783,Intel(R) HD Graphics 510,Realtek PCIe GbE Family Controller (4C:ED:FB:6A:C5:88),"High Definition Audio Device, Intel(R) Display Audio",,Generic PnP Monitor,192.168.0.69,N/D
,Matriz,PCF0184,H110M-K,Intel(R) Pentium(R) CPU G4400 @ 3.30GHz,8192,"KINGSTON SA400S37120G 9/120, TOSHIBA DT01ACA100 887/1000",1120,896,NVIDIA GeForce GT 710,Realtek PCIe GbE Family Controller (4C:ED:FB:6A:C5:8B),"High Definition Audio Device, NVIDIA High Definition Audio",,"Generic PnP Monitor (401NDFV2J475), Generic PnP Monitor (AQPK21A005295?M)",192.168.0.64,N/D
,Matriz,PCF0185,H110M-K,Intel(R) Pentium(R) CPU G4400 @ 3.30GHz,8192,"KINGSTON SA400S37120G 26/120, ST500DM002-1BD142 499/500",620,525,Intel(R) HD Graphics 510,Realtek PCIe GbE Family Controller (4C:ED:FB:6A:C5:5A),"High Definition Audio Device, Intel(R) Display Audio",,Generic PnP Monitor,192.168.0.248,N/D
,Matriz,PCF0186,H110M-K,Intel(R) Pentium(R) CPU G4400 @ 3.30GHz,8192,HS-SSD-C100 480G 307/480,480,307,Intel(R) HD Graphics 510,Realtek PCIe GbE Family Controller (4C:ED:FB:6A:C5:25),"Realtek High Definition Audio, NVIDIA Virtual Audio Device (Wave Extensible) (WDM), Sonido Intel(R) para pantallas",,Generic PnP Monitor,192.168.0.30,N/D
,Matriz,PCF0187,H110M-K,Intel(R) Pentium(R) CPU G4400 @ 3.30GHz,8192,KINGSTON SA400S37480G 321/480,480,321,NVIDIA GeForce GT 710,Realtek PCIe GbE Family Controller (4C:ED:FB:6A:C6:05),"Realtek High Definition Audio, NVIDIA High Definition Audio, NVIDIA Virtual Audio Device (Wave Extensible) (WDM)",,"Generic PnP Monitor, Generic PnP Monitor",192.168.0.210,N/D
,Matriz,PCF0189,H110M-K,Intel(R) Pentium(R) CPU G4400 @ 3.30GHz,8192,KINGSTON SA400S37120G 38/120,120,38,Intel(R) HD Graphics 510,Realtek PCIe GbE Family Controller (18:31:BF:C9:6E:52),"Realtek High Definition Audio, Intel(R) Display Audio",,Generic PnP Monitor,192.168.0.16,N/D
,Matriz,PCF0190,H310M PRO-VH (MS-7B33),Intel(R) Core(TM) i3-8100 CPU @ 3.60GHz,8192,KINGSTON SA400S37240G 147/240,240,147,Intel(R) UHD Graphics 630,Realtek PCIe GbE Family Controller (30:9C:23:DE:FE:88),"High Definition Audio Device, Intel(R) Display Audio",,"Generic PnP Monitor, Generic PnP Monitor",192.168.0.71,N/D
,Matriz,PCF0192,H310M PRO-VH (MS-7B33),Intel(R) Core(TM) i3-8100 CPU @ 3.60GHz,8192,"TOSHIBA DT01ACA100 713/1000, KINGSTON SA400S37480G 392/480",1480,1105,NVIDIA GeForce GT 710,Realtek PCIe GbE Family Controller (30:9C:23:DE:F9:E1),"NVIDIA High Definition Audio, High Definition Audio Device",,"Generic PnP Monitor (1CR1361DDY), Generic PnP Monitor (1CR1361DBX)",192.168.0.28,N/D
,Matriz,PCF0193,N/D,N/D,N/D,N/D,N/D,N/D,N/D,N/D,N/D,N/D,N/D,192.168.0.39,N/D
,Matriz,PCF0194,PRIME H310M-K,Intel(R) Core(TM) i3-8100 CPU @ 3.60GHz,8192,"KINGSTON SA400S37120G 29/120, ST1000DM010-2EP102 923/1000",1120,952,NVIDIA GeForce GT 710,Realtek PCIe GbE Family Controller (0C:9D:92:60:B1:06),"NVIDIA High Definition Audio, High Definition Audio Device",,"Generic PnP Monitor (CN42130HTF), Generic PnP Monitor (CN42132JJX)",192.168.0.169,N/D
,Matriz,PCF0195,PRIME H310M-A,Intel(R) Core(TM) i3-8100 CPU @ 3.60GHz,8192,"TOSHIBA DT01ACA100 939/1000, KINGSTON SA400S37240G 110/240",1240,1049,Intel(R) UHD Graphics 630,Realtek PCIe GbE Family Controller (4C:ED:FB:74:82:DB),"High Definition Audio Device, Intel(R) Display Audio",,"Generic PnP Monitor (H7BR301418), Generic PnP Monitor",192.168.0.249,N/D
,Matriz,PCF0195~~16820,PRIME H310M-A,Intel(R) Core(TM) i3-8100 CPU @ 3.60GHz,8192,"TOSHIBA DT01ACA100 939/1000, KINGSTON SA400S37480G 385/480",1480,1324,Intel(R) UHD Graphics 630,Realtek PCIe GbE Family Controller (4C:ED:FB:74:82:DB),"High Definition Audio Device, Intel(R) Display Audio",,"Generic PnP Monitor (H7BR301418), Generic PnP Monitor",192.168.0.249,N/D
,Matriz,PCF0196,PRIME H310M-A,Intel(R) Core(TM) i3-8100 CPU @ 3.60GHz,16384,"KINGSTON SA400S37480G 339/480, ST500DM002-1BD142 318/500",980,657,NVIDIA GeForce GT 710,Realtek PCIe GbE Family Controller (4C:ED:FB:74:8C:64),"NVIDIA High Definition Audio, High Definition Audio Device",,"Generic PnP Monitor (H4TW400139), Generic PnP Monitor (H4TW200599)",192.168.0.46,N/D
,Matriz,PCF0197,PRIME H310M-K R2.0,Intel(R) Core(TM) i3-8100 CPU @ 3.60GHz,8192,KINGSTON SA400S37240G 18/240,240,18,Intel(R) UHD Graphics 630,Realtek PCIe GbE Family Controller (40:B0:76:5C:4F:E1),"Intel(R) Display Audio, High Definition Audio Device",,"Generic PnP Monitor (H4TW200018), Generic PnP Monitor",192.168.0.38,N/D
,Matriz,PCF0198,PRIME H310M-K R2.0,Intel(R) Core(TM) i3-8100 CPU @ 3.60GHz,8192,ST1000DM010-2EP102 46/240,240,46,Intel(R) UHD Graphics 630,Realtek PCIe GbE Family Controller (40:B0:76:5C:52:AE),"Intel(R) Display Audio, High Definition Audio Device",,"Generic PnP Monitor, Generic PnP Monitor",192.168.0.134,N/D
,Matriz,PCF0199,PRIME H310M-K R2.0,Intel(R) Core(TM) i3-8100 CPU @ 3.60GHz,8192,"KINGSTON SA400S37240G 80/240, ST1000DM010-2EP102 48/1000",1240,128,NVIDIA GeForce GT 710,Realtek PCIe GbE Family Controller (40:B0:76:5C:50:E9),"NVIDIA High Definition Audio, High Definition Audio Device, NVIDIA Virtual Audio Device (Wave Extensible) (WDM)",,"Generic PnP Monitor (T1KAA0024201), Generic PnP Monitor (CN42130J2S)",192.168.0.59,N/D
,Matriz,PCF0202,H310M PRO-VDH (MS-7B29),Intel(R) Core(TM) i3-8100 CPU @ 3.60GHz,8192,"Patriot Burst Elite 240GB 115/240, TOSHIBA DT01ACA100 871/1000",1240,986,Intel(R) UHD Graphics 630,Realtek PCIe GbE Family Controller (30:9C:23:D4:76:EE),"High Definition Audio Device, Intel(R) Display Audio",,"Generic PnP Monitor, Generic PnP Monitor (H4TW300764)",192.168.0.206,N/D
,Matriz,PCF0203,H310M PRO-VDH (MS-7B29),Intel(R) Core(TM) i3-8100 CPU @ 3.60GHz,8192,KINGSTON SA400S37240G 83/240,240,83,NVIDIA GeForce GT 710,Realtek PCIe GbE Family Controller (30:9C:23:D4:76:8A),"NVIDIA High Definition Audio, High Definition Audio Device",,"Generic PnP Monitor (H4TW200601), Generic PnP Monitor (H4TW400543)",192.168.0.67,N/D
,Matriz,PCF0204,PRIME H310M-K R2.0,Intel(R) Core(TM) i3-8100 CPU @ 3.60GHz,12288,HP SSD S700 500GB 303/500,500,303,NVIDIA GeForce GT 710,Realtek PCIe GbE Family Controller (40:B0:76:5D:8C:03),"NVIDIA High Definition Audio, High Definition Audio Device",,"Generic PnP Monitor, Generic PnP Monitor (H4TK401565)",192.168.0.217,N/D
,Matriz,PCF0205,PRIME H310M-K R2.0,Intel(R) Core(TM) i3-8100 CPU @ 3.60GHz,12288,"ST1000DM010-2EP102 188/1000, KINGSTON SA400S37240G 1/240",1240,189,NVIDIA GeForce GT 710,Realtek PCIe GbE Family Controller (40:B0:76:5D:8A:C8),"NVIDIA High Definition Audio, High Definition Audio Device, NVIDIA Virtual Audio Device (Wave Extensible) (WDM)",,"Generic PnP Monitor (AQPK81A000042?Ø), Generic PnP Monitor (109NDTCFV185)",192.168.0.153,N/D
,Matriz,PCF0206,PRIME H310M-K R2.0,Intel(R) Core(TM) i3-8100 CPU @ 3.60GHz,8192,KINGSTON SA400S37240G 115/240,240,115,NVIDIA GeForce GT 710,Realtek PCIe GbE Family Controller (40:B0:76:5D:8E:42),"NVIDIA High Definition Audio, High Definition Audio Device",,Generic PnP Monitor (CN42103SXC),192.168.0.195,N/D
,Matriz,PCF0207,PRIME H310M-K R2.0,Intel(R) Core(TM) i3-8100 CPU @ 3.60GHz,8192,ST1000DM010-2EP102 296/480,480,296,NVIDIA GeForce GT 710,Realtek PCIe GbE Family Controller (40:B0:76:5D:8A:A5),"NVIDIA High Definition Audio, High Definition Audio Device",,"Generic PnP Monitor (H7BR301953), Generic PnP Monitor (H7BR301945)",192.168.0.227,N/D
,Matriz,PCF0208,PRIME H310M-K R2.0,Intel(R) Core(TM) i3-8100 CPU @ 3.60GHz,8192,"KINGSTON SA400S37480G 366/480, ST1000DM010-2EP102 706/1000",1480,1072,NVIDIA GeForce GT 710,Realtek PCIe GbE Family Controller (40:B0:76:5D:8E:44),"NVIDIA High Definition Audio, High Definition Audio Device",,"Generic PnP Monitor, Generic PnP Monitor (FZQD51A000470)",192.168.0.246,N/D
,Matriz,PCF0209,PRIME H310M-K R2.0,Intel(R) Core(TM) i3-8100 CPU @ 3.60GHz,8192,ST1000DM010-2EP102 427/1000,1000,427,NVIDIA GeForce GT 710,Realtek PCIe GbE Family Controller (40:B0:76:5D:88:99),"NVIDIA High Definition Audio, Realtek High Definition Audio",,"Generic PnP Monitor (3CQ93008P2), Generic PnP Monitor (CNC827236Y)",192.168.0.168,N/D
,Matriz,PCF0210,PRIME H310M-K R2.0,Intel(R) Core(TM) i3-8100 CPU @ 3.60GHz,8192,"VK000480GXAWK 334/480, ST1000DM010-2EP102 589/1000",1480,923,Intel(R) UHD Graphics 630,Realtek PCIe GbE Family Controller (40:B0:76:5D:8A:80),"Intel(R) Display Audio, High Definition Audio Device",HL-DT-ST DVDRAM GH24NSB0,"Generic PnP Monitor, Generic PnP Monitor",192.168.0.154,N/D
,Matriz,PCF0211,PRIME H310M-K R2.0,Intel(R) Core(TM) i3-8100 CPU @ 3.60GHz,8192,"KINGSTON SA400S37120G 22/120, ST1000DM010-2EP102 966/1000",1120,988,Intel(R) UHD Graphics 630,Realtek PCIe GbE Family Controller (40:B0:76:5D:8A:CB),"Intel(R) Display Audio, High Definition Audio Device",,"Generic PnP Monitor, Generic PnP Monitor",192.168.0.158,N/D
,Matriz,PCF0212,PRIME H310M-A R2.0,Intel(R) Core(TM) i3-8100 CPU @ 3.60GHz,8192,ST1000DM010-2EP102 388/480,480,388,Intel(R) UHD Graphics 630,Realtek PCIe GbE Family Controller (04:92:26:4E:84:10),"Intel(R) Display Audio, Realtek High Definition Audio",,Generic PnP Monitor,192.168.0.187,N/D
,Matriz,PCF0213,PRIME H310M-A R2.0,Intel(R) Core(TM) i3-8100 CPU @ 3.60GHz,8192,ST1000DM010-2EP102 769/1000,1000,769,NVIDIA GeForce GT 710,Realtek PCIe GbE Family Controller (04:92:26:4E:81:5E),"NVIDIA High Definition Audio, Realtek High Definition Audio, NVIDIA Virtual Audio Device (Wave Extensible) (WDM)",,"Generic PnP Monitor (H4TK400610), Generic PnP Monitor (AQPK81A000151?j)",192.168.0.79,N/D
,Matriz,PCF0214,PRIME H310M-A R2.0,Intel(R) Core(TM) i3-8100 CPU @ 3.60GHz,8192,"ST1000DM010-2EP102 553/1000, KINGSTON SA400S37480G 400/480",1480,953,Intel(R) UHD Graphics 630,Realtek PCIe GbE Family Controller (04:92:26:4E:81:95),"Intel(R) Display Audio, High Definition Audio Device",,"Generic PnP Monitor, Generic PnP Monitor",192.168.0.191,N/D
,Matriz,PCF0215,PRIME H310M-A R2.0,Intel(R) Core(TM) i3-8100 CPU @ 3.60GHz,8192,"ST1000DM010-2EP102 255/1000, PM961 NVMe SAMSUNG 512GB 81/512",1512,336,NVIDIA GeForce 210,"VMware Virtual Ethernet Adapter for VMnet1 (00:50:56:C0:00:01), Realtek PCIe GbE Family Controller (04:92:26:4E:81:09), VMware Virtual Ethernet Adapter for VMnet8 (00:50:56:C0:00:08)","Realtek High Definition Audio, NVIDIA High Definition Audio, NVIDIA High Definition Audio, NVIDIA High Definition Audio, NVIDIA High Definition Audio",HL-DT-ST DVDRAM GH24NSB0,"Generic PnP Monitor (CN42132JKK), Generic PnP Monitor (CN42103SW8)",192.168.0.243,N/D
,Matriz,PCF0216,PRIME H310M-A R2.0,Intel(R) Core(TM) i3-8100 CPU @ 3.60GHz,8192,ST1000DM010-2EP102 871/1000,1000,871,NVIDIA GeForce GT 710,Realtek PCIe GbE Family Controller (04:92:26:CD:EB:8F),"NVIDIA High Definition Audio, Realtek High Definition Audio",,"Generic PnP Monitor (3CQ93008NP), Generic PnP Monitor (CNC6510NMQ)",192.168.0.37,N/D
,Matriz,PCF0219,PRIME H310M-A,Intel(R) Core(TM) i3-8100 CPU @ 3.60GHz,8192,"ST500DM002-1BD142 709/1000, KINGSTON SA400S37480G 150/480",1480,859,NVIDIA GeForce GT 710,Realtek PCIe GbE Family Controller (4C:ED:FB:65:CF:AF),"NVIDIA High Definition Audio, High Definition Audio Device",,"Generic PnP Monitor (H4TW200859), Generic PnP Monitor (H4TW200117)",192.168.0.177,N/D
,Matriz,PCF0220,PRIME H310M-A,Intel(R) Core(TM) i3-8100 CPU @ 3.60GHz,8192,ST1000DM010-2EP102 851/1000,1000,851,Intel(R) UHD Graphics 630,Realtek PCIe GbE Family Controller (4C:ED:FB:65:CF:BA),"High Definition Audio Device, Intel(R) Display Audio",,Generic PnP Monitor,192.168.0.41,N/D
,Matriz,PCF0224,PRIME H310M-E R2.0,Intel(R) Core(TM) i3-8100 CPU @ 3.60GHz,8192,"KINGSTON SA400S37240G 71/240, ST1000DM010-2EP102 908/1000",1240,979,NVIDIA GeForce GT 710,Realtek PCIe GbE Family Controller (04:D4:C4:AC:95:C0),"NVIDIA High Definition Audio, High Definition Audio Device",,"Generic PnP Monitor, Generic PnP Monitor",192.168.0.196,N/D
,Matriz,PCF0225,PRIME H310M-E R2.0,Intel(R) Core(TM) i3-8100 CPU @ 3.60GHz,8192,KINGSTON SA400S37480G 406/480,480,406,NVIDIA GeForce GT 710,Realtek PCIe GbE Family Controller (04:D4:C4:AC:95:F6),"NVIDIA High Definition Audio, High Definition Audio Device",,"Generic PnP Monitor (3CQ9300B2C), Generic PnP Monitor (3CQ0500JGF)",192.168.0.151,N/D
,Matriz,PCF0226,PRIME H310M-E R2.0,Intel(R) Core(TM) i3-8100 CPU @ 3.60GHz,12288,KINGSTON SA400S37480G 10/480,480,10,NVIDIA GeForce GT 710,Realtek PCIe GbE Family Controller (04:D4:C4:AC:95:E5),"NVIDIA High Definition Audio, High Definition Audio Device",,"Generic PnP Monitor, Generic PnP Monitor",192.168.0.148,N/D
,Matriz,PCF0228,PRIME H310M-E R2.0,Intel(R) Core(TM) i3-8100 CPU @ 3.60GHz,8192,ST1000DM010-2EP102 566/1000,1000,566,Intel(R) UHD Graphics 630,Realtek PCIe GbE Family Controller (04:D9:F5:33:7C:11),"Sonido Intel(R) para pantallas, High Definition Audio Device",,"Generic PnP Monitor (H4TW200675), Generic PnP Monitor",192.168.0.49,N/D
,Matriz,PCF0230,PRIME H310M-E R2.0,Intel(R) Core(TM) i3-8100 CPU @ 3.60GHz,8192,ST1000DM010-2EP102 106/480,480,106,NVIDIA GeForce GT 710,Realtek PCIe GbE Family Controller (04:D4:C4:AC:94:20),"NVIDIA High Definition Audio, Realtek High Definition Audio",,"Generic PnP Monitor (H4TW301046), Generic PnP Monitor (H4TW300872)",192.168.0.48,N/D
,Matriz,PCF0235,PRIME H310M-E R2.0,Intel(R) Core(TM) i3-8100 CPU @ 3.60GHz,8192,ST1000DM010-2EP102 877/1000,1000,877,Intel(R) UHD Graphics 630,Realtek PCIe GbE Family Controller (04:D9:F5:32:7E:B2),"Intel(R) Display Audio, High Definition Audio Device",,Generic PnP Monitor,192.168.0.250,N/D
,Matriz,PCF0237,PRIME H310M-E R2.0,Intel(R) Core(TM) i3-8100 CPU @ 3.60GHz,8192,"VK000480GXAWK 381/480, ST1000DM010-2EP102 852/1000",1480,1233,Intel(R) UHD Graphics 630,Realtek PCIe GbE Family Controller (04:D9:F5:61:CC:CB),"Intel(R) Display Audio, High Definition Audio Device",,"Generic PnP Monitor, Generic PnP Monitor (1CR1361D4W)",192.168.0.205,N/D
,Matriz,PCF0241,PRIME H310M-E R2.0,Intel(R) Core(TM) i3-8100 CPU @ 3.60GHz,8192,ST1000DM010-2EP102 176/480,480,176,NVIDIA GeForce GT 710,Realtek PCIe GbE Family Controller (04:D9:F5:61:C9:D2),NVIDIA High Definition Audio,,"Generic PnP Monitor (H4TW400157), HP V214a Monitor (CNC92628BV)",192.168.0.74,N/D
,Matriz,PCF0243,PRIME H310M-E R2.0,Intel(R) Core(TM) i3-8100 CPU @ 3.60GHz,8192,"ST1000DM010-2EP102 867/1000, KINGSTON SA400S37480G 289/480",1480,1156,NVIDIA GeForce GT 710,Realtek PCIe GbE Family Controller (04:D9:F5:33:7F:F0),NVIDIA High Definition Audio,,"Generic PnP Monitor (H4TW300730), Generic PnP Monitor (H4TW300717)",192.168.0.92,N/D
,Matriz,PCF0244,PRIME H310M-E R2.0,Intel(R) Core(TM) i3-8100 CPU @ 3.60GHz,8192,ST1000DM010-2EP102 785/1000,1000,785,NVIDIA GeForce GT 710,Realtek PCIe GbE Family Controller (04:D9:F5:33:78:B5),NVIDIA High Definition Audio,,"Generic PnP Monitor (H4TW300722), Generic PnP Monitor (H4TW200376)",192.168.0.63,N/D
,Matriz,PCF0245,PRIME H310M-E R2.0,Intel(R) Core(TM) i3-8100 CPU @ 3.60GHz,8192,"KINGSTON SA400S37120G 354/480, ST1000DM010-2EP102 808/1000",1480,1162,NVIDIA GeForce GT 710,Realtek PCIe GbE Family Controller (04:D9:F5:33:79:4D),"NVIDIA High Definition Audio, High Definition Audio Device",,"Generic PnP Monitor (H1AK500000), Generic PnP Monitor (H1AK500000)",192.168.0.235,N/D
,Matriz,PCF0246,PRIME H310M-E R2.0,Intel(R) Core(TM) i3-8100 CPU @ 3.60GHz,8192,ST1000DM010-2EP102 793/1000,1000,793,NVIDIA GeForce GT 710,Realtek PCIe GbE Family Controller (04:D9:F5:33:7F:F2),"Dispositivo de High Definition Audio, Realtek High Definition Audio",,"Generic PnP Monitor (CNC333PDN1), Generic PnP Monitor",192.168.0.167,N/D
,Matriz,PCF0247,PRIME H310M-E R2.0,Intel(R) Core(TM) i3-8100 CPU @ 3.60GHz,8192,"KINGSTON SA400S37120G 50/120, ST1000DM010-2EP102 882/1000",1120,932,Intel(R) UHD Graphics 630,Realtek PCIe GbE Family Controller (04:D9:F5:32:7E:9C),"Intel(R) Display Audio, High Definition Audio Device",,Generic PnP Monitor,192.168.0.193,N/D
,Matriz,PCF0248,PRIME H310M-E R2.0,Intel(R) Core(TM) i3-8100 CPU @ 3.60GHz,8192,ST1000DM010-2EP102 856/1000,1000,856,NVIDIA GeForce GT 710,Realtek PCIe GbE Family Controller (04:D9:F5:33:7F:F6),High Definition Audio Device,,"Generic PnP Monitor, Generic PnP Monitor (3CQ0500JJC)",192.168.0.226,N/D
,Matriz,PCF0253,PRIME H310M-D R2.0,Intel(R) Core(TM) i3-8100 CPU @ 3.60GHz,8192,KINGSTON SA400S37120G 337/480,480,337,NVIDIA GeForce GT 330M,Realtek PCIe GbE Family Controller (04:92:26:CF:09:28),"NVIDIA High Definition Audio, High Definition Audio Device, NVIDIA Virtual Audio Device (Wave Extensible) (WDM)",,"Generic PnP Monitor, Generic PnP Monitor",192.168.0.150,N/D
,Matriz,PCF0254,PRIME H310M-D R2.0,Intel(R) Core(TM) i3-8100 CPU @ 3.60GHz,8192,"KINGSTON SA400S37480G 427/480, ST1000DM010-2EP102 900/1000",1480,1327,Intel(R) UHD Graphics 630,Realtek PCIe GbE Family Controller (04:92:26:CF:09:29),"Intel(R) Display Audio, High Definition Audio Device",,Generic PnP Monitor,192.168.0.183,N/D
,Matriz,PCF0256,PRIME H310M-D R2.0,Intel(R) Core(TM) i3-8100 CPU @ 3.60GHz,8192,KINGSTON SA400S37120G 135/240,240,135,Intel(R) UHD Graphics 630,Realtek PCIe GbE Family Controller (04:92:26:CF:08:4E),Intel(R) Display Audio,,"Generic PnP Monitor, Generic PnP Monitor (CN42103SX7)",192.168.0.54,N/D
,Matriz,PCF0257,PRIME H310M-E R2.0,Intel(R) Core(TM) i5-8400 CPU @ 2.80GHz,8192,KINGSTON SA400S37480G 311/480,480,311,Intel(R) UHD Graphics 630,Realtek PCIe GbE Family Controller (04:D9:F5:AF:26:AE),"Intel(R) Display Audio, High Definition Audio Device",,"Generic PnP Monitor, Generic PnP Monitor",192.168.0.213,N/D
,Matriz,PCF0259,PRIME H310M-D R2.0,Intel(R) Core(TM) i3-9100 CPU @ 3.60GHz,8192,KINGSTON SA400S37480G 300/480,480,300,NVIDIA GeForce 210,Realtek PCIe GbE Family Controller (04:92:26:4E:36:F1),"High Definition Audio Device, High Definition Audio Device, High Definition Audio Device, High Definition Audio Device",,"Generic PnP Monitor (3CQ93008ND), Generic PnP Monitor (602NTLE39160)",192.168.0.70,N/D
,Matriz,PCF0260,PRIME H310M-D R2.0,Intel(R) Core(TM) i3-9100 CPU @ 3.60GHz,8192,"KINGSTON SA400S37240G 146/240, ST1000DM010-2EP102 858/1000",1240,1004,NVIDIA GeForce GT 710,Realtek PCIe GbE Family Controller (04:92:26:4E:36:F3),"NVIDIA High Definition Audio, High Definition Audio Device",,"Generic PnP Monitor (401NDXQ2J930), Generic PnP Monitor",192.168.0.45,N/D
,Matriz,PCF0261,PRIME H310M-D R2.0,Intel(R) Core(TM) i3-9100 CPU @ 3.60GHz,8192,"ST1000DM010-2EP102 824/1000, Patriot Burst Elite 240GB 110/240",1240,934,Intel(R) UHD Graphics 630,Realtek PCIe GbE Family Controller (04:92:26:4E:36:64),"Intel(R) Display Audio, High Definition Audio Device",,"Generic PnP Monitor (3CQ0500J4L), Generic PnP Monitor",192.168.0.245,N/D
,Matriz,PCF0262,PRIME H310M-D R2.0,Intel(R) Core(TM) i3-9100 CPU @ 3.60GHz,8192,KINGSTON SA400S37240G 131/240,240,131,Intel(R) UHD Graphics 630,Realtek PCIe GbE Family Controller (04:92:26:4E:36:C6),"Intel(R) Display Audio, High Definition Audio Device",,"Generic PnP Monitor (H4TW301067), Generic PnP Monitor",192.168.0.51,N/D
,Matriz,PCF0263,PRIME H310M-D R2.0,Intel(R) Core(TM) i3-9100 CPU @ 3.60GHz,8192,ST1000DM010-2EP102 271/480,480,271,Intel(R) UHD Graphics 630,Realtek PCIe GbE Family Controller (04:92:26:4E:41:ED),Intel(R) Display Audio,,Generic PnP Monitor,192.168.0.8,N/D
,Matriz,PCF0264,PRIME H310M-D R2.0,Intel(R) Core(TM) i3-9100 CPU @ 3.60GHz,8192,KINGSTON SA400S37240G 101/240,240,101,Intel(R) UHD Graphics 630,Realtek PCIe GbE Family Controller (04:92:26:CF:E0:B6),"Intel(R) Display Audio, Realtek High Definition Audio",,"Generic PnP Monitor (H4TW200050), Generic PnP Monitor",192.168.0.223,N/D
,Matriz,PCF0267,PRIME H310M-E R2.0,Intel(R) Core(TM) i3-9100 CPU @ 3.60GHz,8192,"ST1000DM010-2EP102 285/1000, KINGSTON SA400S37480G 345/480",1480,630,NVIDIA GeForce GT 710,Realtek PCIe GbE Family Controller (A8:5E:45:2B:49:D6),"NVIDIA High Definition Audio, High Definition Audio Device, NVIDIA Virtual Audio Device (Wave Extensible) (WDM)",,"Generic PnP Monitor, Generic PnP Monitor (3CQ7011P9D)",192.168.0.89,N/D
,Matriz,PCF0269,PRIME H310M-E R2.0,Intel(R) Core(TM) i3-9100 CPU @ 3.60GHz,8192,KINGSTON SA400S37480G 387/480,480,387,NVIDIA GeForce GT 710,Realtek PCIe GbE Family Controller (A8:5E:45:2B:4C:AF),NVIDIA High Definition Audio,,"Generic PnP Monitor (AQPK81A000303), Generic PnP Monitor (3CQ0500J7S)",192.168.0.58,N/D
,Matriz,PCF0273,PRIME H310M-E R2.0,Intel(R) Core(TM) i3-9100 CPU @ 3.60GHz,8192,"KINGSTON SA400S37120G 411/480, ST1000DM010-2EP102 943/1000",1480,1354,Intel(R) UHD Graphics 630,Realtek PCIe GbE Family Controller (A8:5E:45:68:DC:23),"Intel(R) Display Audio, High Definition Audio Device",,"Generic PnP Monitor, Generic PnP Monitor (AQPK81A000145?m)",192.168.0.236,N/D
,Matriz,PCF0274,843B,Intel(R) Core(TM) i3-8100 CPU @ 3.60GHz,8192,Intel Optane+466GBSSD 183/500,500,183,Intel(R) UHD Graphics 630,"Realtek RTL8821CE 802.11ac PCIe Adapter (D8:9C:67:DA:E6:3D), Realtek PCIe GbE Family Controller (C8:D9:D2:B8:BB:6B)","Realtek High Definition Audio, Intel(R) Display Audio",hp HLDS DVDRW  GUD1N,"Generic PnP Monitor, Generic PnP Monitor",192.168.0.65,N/D
,Matriz,PCF0275,843B,Intel(R) Core(TM) i3-8100 CPU @ 3.60GHz,16384,Intel Optane+932GBHDD 753/1000,1000,753,Intel(R) UHD Graphics 630,"Bluetooth Device (Personal Area Network) (D8:9C:67:DB:00:3C), Realtek RTL8821CE 802.11ac PCIe Adapter (D8:9C:67:DB:00:3B), Realtek PCIe GbE Family Controller (C8:D9:D2:B8:B5:47)","Realtek High Definition Audio, Sonido Intel(R) para pantallas",hp HLDS DVDRW  GUD1N,Generic Monitor (1970W),192.168.0.204,N/D
,Matriz,PCF0277,843B,Intel(R) Core(TM) i3-8100 CPU @ 3.60GHz,12288,Intel Optane+932GBHDD 796/1000,1000,796,Intel(R) UHD Graphics 630,"Realtek RTL8821CE 802.11ac PCIe Adapter (DC:A2:66:51:CC:C7), Realtek PCIe GbE Family Controller (80:CE:62:F2:C9:05)","Realtek High Definition Audio, Sonido Intel(R) para pantallas",hp HLDS DVDRW  GUD1N,"Generic Monitor (S22A33x) (H4TW300835), Generic Monitor (HP P204)",192.168.0.50,N/D
,Matriz,PCF0278,PRIME H310M-E R2.0,Intel(R) Core(TM) i3-9100F CPU @ 3.60GHz,8192,KINGSTON SA400S37480G 338/480,480,338,NVIDIA GeForce 210,Realtek PCIe GbE Family Controller (A8:5E:45:6E:AB:B2),"NVIDIA High Definition Audio, High Definition Audio Device, NVIDIA High Definition Audio, NVIDIA High Definition Audio, NVIDIA High Definition Audio",,"Generic PnP Monitor, Generic PnP Monitor (KPXI91A009784)",192.168.0.78,N/D
,Matriz,PCF0279,PRIME H310M-E R2.0,Intel(R) Core(TM) i3-9100F CPU @ 3.60GHz,8192,HS-SSD-C100 480G 195/480,480,195,NVIDIA GeForce GT 710,Realtek PCIe GbE Family Controller (A8:5E:45:6D:81:90),"NVIDIA High Definition Audio, High Definition Audio Device, NVIDIA Virtual Audio Device (Wave Extensible) (WDM)",,"Generic PnP Monitor (AQPK81A000162?]), Generic PnP Monitor (AQPK81A000040)",192.168.0.233,N/D
,Matriz,PCF0280,PRIME H310M-E R2.0,Intel(R) Core(TM) i3-9100F CPU @ 3.60GHz,16384,"KINGSTON SA400S37240G 64/240, ST500DM002-1BD142 349/500",740,413,NVIDIA GeForce 210,"Realtek PCIe GbE Family Controller (14:EB:B6:BF:1F:4B), Realtek PCIe GbE Family Controller (A8:5E:45:6D:81:1A)","NVIDIA High Definition Audio, High Definition Audio Device, NVIDIA High Definition Audio, NVIDIA High Definition Audio, NVIDIA High Definition Audio",,"Generic PnP Monitor, Generic PnP Monitor (3CQ0500JCY)",192.168.0.91,N/D
,Matriz,PCF0282,843B,Intel(R) Core(TM) i5-8400 CPU @ 2.80GHz,8192,"KINGSTON SA400S37120G 27/120, SAMSUNG HD161GJ 94/160",280,121,Intel(R) UHD Graphics 630,"Bluetooth Device (Personal Area Network) (4C:EB:BD:12:DE:A2), Realtek RTL8821CE 802.11ac PCIe Adapter (4C:EB:BD:12:DE:A1), Realtek PCIe GbE Family Controller (04:0E:3C:20:8F:E2)","Realtek High Definition Audio, Intel(R) Display Audio",hp PLDS DVDRW  DU8AESH,"Generic Monitor (1970W), Generic Monitor (1970W)",192.168.0.149,N/D
,Matriz,PCF0284,PRIME H310M-E R2.0,Intel(R) Core(TM) i3-9100F CPU @ 3.60GHz,8192,ST1000DM010-2EP102 903/1000,1000,903,NVIDIA GeForce GTX 1050 Ti,Realtek PCIe GbE Family Controller (3C:7C:3F:17:81:75),"High Definition Audio Device, NVIDIA High Definition Audio",,"Generic PnP Monitor (H1AK500000), Generic PnP Monitor",192.168.0.139,N/D
,Matriz,PCF0289,3718,Intel(R) Core(TM) i5-9400T CPU @ 1.80GHz,16384,WDC PC SN520 SDAPMUW-512G-1001 286/512,512,286,Intel(R) UHD Graphics 630,"Bluetooth Device (Personal Area Network) (00:45:E2:16:FC:B6), Realtek PCIe GbE Family Controller (9C:5A:44:99:FE:21), Realtek 8821CE Wireless LAN 802.11ac PCI-E NIC (00:45:E2:16:FC:B5)","Realtek High Definition Audio, Intel(R) Display Audio",PLDS DVD-RW DA8AESH,Generic PnP Monitor,192.168.0.208,N/D
,Matriz,PCF0290,H410M S2,Intel(R) Core(TM) i3-10100 CPU @ 3.60GHz,8192,KINGSTON SA400S37120G 2/120,120,2,NVIDIA GeForce GT 710,Realtek Gaming GbE Family Controller (18:C0:4D:85:E1:68),"NVIDIA High Definition Audio, Realtek High Definition Audio",,"Generic PnP Monitor, Generic PnP Monitor (AQPK81A000476??)",192.168.0.73,N/D
,Matriz,PCF0291,PRIME H510M-E,Intel(R) Core(TM) i3-10100 CPU @ 3.60GHz,8192,"CT240BX500SSD1 373/1000, KINGSTON SA400S37480G 392/480",1480,765,Intel(R) UHD Graphics 630,Intel(R) Ethernet Connection (14) I219-V (04:42:1A:31:48:83),"High Definition Audio Device, Intel(R) Display Audio",,Generic Monitor (LG HD PLUS),192.168.0.185,N/D
,Matriz,PCF0293,PRIME H510M-E,Intel(R) Core(TM) i3-10100 CPU @ 3.60GHz,8192,KINGSTON SA400S37480G 360/480,480,360,Intel(R) UHD Graphics 630,Intel(R) Ethernet Connection (14) I219-V (04:42:1A:31:42:33),"High Definition Audio Device, Intel(R) Display Audio",,"Generic Monitor (HP P21b G4) (1CR1361D51), Generic Monitor (HP P22v G4)",192.168.0.145,N/D
,Matriz,PCF0294,PRIME H510M-E,Intel(R) Core(TM) i3-10100 CPU @ 3.60GHz,12288,KINGSTON SA400S37480G 125/480,480,125,Intel(R) UHD Graphics 630,Intel(R) Ethernet Connection (14) I219-V (04:42:1A:31:53:8D),"High Definition Audio Device, Intel(R) Display Audio",,Generic Monitor,192.168.0.52,N/D
,Matriz,PCF0295,EX-B560M-V5,Intel(R) Core(TM) i3-10100 CPU @ 3.60GHz,8192,"KINGSTON SA400S37120G 31/120, ST1000DM010-2EP102 836/1000",1120,867,NVIDIA GeForce GT 710,Realtek PCIe GbE Family Controller (04:42:1A:AF:0C:84),"NVIDIA High Definition Audio, Realtek High Definition Audio",,"Generic Monitor (1970W), Generic Monitor (20EN33) (401NDPH2H928)",192.168.0.94,N/D
,Matriz,PCF0296,EX-B560M-V5,Intel(R) Core(TM) i3-10100 CPU @ 3.60GHz,8192,"KINGSTON SA400S37120G 40/120, ST1000DM010-2EP102 670/1000",1120,710,NVIDIA GeForce GT 710,Realtek PCIe GbE Family Controller (04:42:1A:AF:0C:16),"NVIDIA High Definition Audio, Realtek High Definition Audio",,"Generic Monitor (1970W), Generic Monitor (1970W)",192.168.0.56,N/D
,Matriz,PCF0297,EX-B560M-V5,Intel(R) Core(TM) i3-10100 CPU @ 3.60GHz,8192,"KINGSTON SA400S37120G 41/120, ST1000DM010-2EP102 988/1000",1120,1029,NVIDIA GeForce GT 710,Realtek PCIe GbE Family Controller (04:42:1A:AF:09:49),"NVIDIA High Definition Audio, Realtek High Definition Audio",,"Generic Monitor (E1942) (204NDWE51657), Generic Monitor (2070W) (AQPK81A000474?????ñK??????????# ??ƒ?)",192.168.0.81,N/D
,Matriz,PCF0298,EX-B560M-V5,Intel(R) Core(TM) i3-10100 CPU @ 3.60GHz,8192,"KINGSTON SA400S37120G 46/120, ST1000DM010-2EP102 942/1000",1120,988,Intel(R) UHD Graphics 630,Realtek PCIe GbE Family Controller (04:42:1A:AF:0C:88),"Realtek High Definition Audio, Intel(R) Display Audio",,"Generic Monitor (LF22T35) (H1AK500000), Generic Monitor (HP LV2011)",192.168.0.90,N/D
,Matriz,PCF0299,0VV4V0,11th Gen Intel(R) Core(TM) i5-1135G7 @ 2.40GHz,12288,"TOSHIBA MQ04ABF100 852/1000, PC SN530 NVMe WDC 256GB 75/256",1256,927,Intel(R) Iris(R) Xe Graphics,"Intel(R) Wi-Fi 6 AX201 160MHz (00:93:37:22:A0:24), Realtek PCIe GbE Family Controller (00:BE:43:8E:63:12)","Realtek Audio, Intel® Smart Sound Technology for USB Audio, Intel® Smart Sound Technology for Bluetooth® Audio",,Generic Monitor (Inspiron 540X),192.168.0.218,N/D
,Matriz,PCF0300,Pro B560M-C,Intel(R) Core(TM) i3-10100 CPU @ 3.60GHz,12288,"KINGSTON SA400S37120G 48/120, ST1000DM010-2EP102 541/1000",1120,589,NVIDIA GeForce GT 710,Intel(R) Ethernet Connection (14) I219-V (04:42:1A:30:E9:3E),"NVIDIA High Definition Audio, Realtek High Definition Audio, NVIDIA Virtual Audio Device (Wave Extensible) (WDM)",,"Generic Monitor (HP V214a) (CNC92628ZG), Generic Monitor (HP V214a) (CNC92628BL)",192.168.0.215,N/D
,Matriz,PCF0301,B560M-A PRO (MS-7D20),Intel(R) Core(TM) i3-10105 CPU @ 3.70GHz,16384,"KINGSTON SA400S37240G 54/240, ST1000DM010-2EP102 124/1000",1240,178,NVIDIA GeForce GT 710,Realtek PCIe 2.5GbE Family Controller (D8:BB:C1:50:67:A3),"NVIDIA High Definition Audio, Realtek High Definition Audio",,"Generic Monitor (HP P22v G4) (CN42103SWV), Generic Monitor (HP P22v G4) (CN42103SVS)",192.168.0.201,N/D
,Matriz,PCF0302,B560M-A PRO (MS-7D20),Intel(R) Core(TM) i3-10105 CPU @ 3.70GHz,8192,"ST1000DM010-2EP102 427/1000, KINGSTON SA400S37240G 100/240",1240,527,NVIDIA GeForce GT 710,Realtek PCIe 2.5GbE Family Controller (D8:BB:C1:50:64:6C),"NVIDIA High Definition Audio, Realtek High Definition Audio",,"Generic Monitor (2070W) (AQPK81A000186?????ñK??????????# ??ƒ?), Generic Monitor (S19F355) (H4TK400745)",192.168.0.221,N/D
,Matriz,PCF0303,B560M-A PRO (MS-7D20),Intel(R) Core(TM) i3-10105 CPU @ 3.70GHz,8192,"ST1000DM010-2EP102 947/1000, KINGSTON SA400S37240G 163/240",1240,1110,Intel(R) UHD Graphics 630,Realtek PCIe 2.5GbE Family Controller (D8:BB:C1:50:67:9B),"Intel(R) Display Audio, High Definition Audio Device",,Generic Monitor (HP P22v G4),192.168.0.9,N/D
,Matriz,PCF0305,0VV4V0,11th Gen Intel(R) Core(TM) i5-1135G7 @ 2.40GHz,12288,"TOSHIBA MQ04ABF100 866/1000, KBG40ZNS256G NVMe KIOXIA 256GB 16/256",1256,882,Intel(R) Iris(R) Xe Graphics,"Bluetooth Device (Personal Area Network) (C4:03:A8:EB:8E:B6), Intel(R) Wi-Fi 6 AX201 160MHz (C4:03:A8:EB:8E:B2), Realtek PCIe GbE Family Controller (00:BE:43:90:30:3C)","Realtek Audio, Intel® Smart Sound Technology for USB Audio, Intel® Smart Sound Technology for Bluetooth® Audio",,"Generic Monitor (Inspiron 540X), Generic Monitor (SAMSUNG)",192.168.0.234,N/D
,Matriz,PCF0306,PRIME H510M-D,Intel(R) Core(TM) i3-10105 CPU @ 3.70GHz,8192,"ST1000DM010-2EP102 592/1000, KINGSTON SA400S37480G 365/480",1480,957,NVIDIA GeForce 210,Intel(R) Ethernet Connection (14) I219-V (A0:36:BC:28:2C:3C),"NVIDIA High Definition Audio, NVIDIA High Definition Audio, NVIDIA High Definition Audio, NVIDIA High Definition Audio, High Definition Audio Device, NVIDIA Virtual Audio Device (Wave Extensible) (WDM)",,"Generic Monitor (LF22T35) (H1AK500000), Generic Monitor (LF22T35) (H1AK500000)",192.168.0.85,N/D
,Matriz,PCF0307,PRIME H510M-D,Intel(R) Core(TM) i3-10105 CPU @ 3.70GHz,8192,"ST1000DM010-2EP102 669/1000, HP SSD S700 120GB 16/120",1120,685,NVIDIA GeForce GT 710,Intel(R) Ethernet Connection (14) I219-V (A0:36:BC:28:2C:31),"NVIDIA High Definition Audio, High Definition Audio Device",,"Generic Monitor (LF22T35) (H1AK500000), Generic Monitor (LF22T35) (H1AK500000)",192.168.0.66,N/D
,Matriz,PCF0308,PRIME H510M-E,Intel(R) Core(TM) i3-10100 CPU @ 3.60GHz,8192,"ST1000DM010-2EP102 1000/1000, KINGSTON SA400S37240G 136/240",1240,1136,Intel(R) UHD Graphics 630,Intel(R) Ethernet Connection (14) I219-V (A0:36:BC:28:81:29),"High Definition Audio Device, Intel(R) Display Audio",,"Generic Monitor (HP P22v G4) (CN41391RVN), Generic Monitor (HP P22v G4)",192.168.0.173,N/D
,Matriz,PCF0309,PRIME H510M-E,11th Gen Intel(R) Core(TM) i5-11400 @ 2.60GHz,8192,Netac SSD 480GB 328/480,480,328,NVIDIA GeForce 210,Intel(R) Ethernet Connection (14) I219-V (A0:36:BC:28:7D:46),"NVIDIA High Definition Audio, NVIDIA High Definition Audio, NVIDIA High Definition Audio, NVIDIA Virtual Audio Device (Wave Extensible) (WDM), High Definition Audio Device, NVIDIA High Definition Audio",,"Generic Monitor (1970W), Generic Monitor (S19A33x) (H7BR301956)",192.168.0.133,N/D
,Matriz,PCF0310,PRIME H510M-A,11th Gen Intel(R) Core(TM) i5-11400 @ 2.60GHz,32768,"Netac SSD 480GB 240/480, ST1000DM010-2EP102 816/1000",1480,1056,NVIDIA GeForce GTX 1050 Ti,Intel(R) Ethernet Connection (14) I219-V (A0:36:BC:29:79:20),"High Definition Audio Device, High Definition Audio Device, NVIDIA High Definition Audio",tokenME setup USB Device,"Generic Monitor (C24F390) (H4ZRC00625), Generic Monitor (C24F390) (H4ZRC00402)",192.168.0.22,N/D
,Matriz,PCF0312,PRIME H510M-K,11th Gen Intel(R) Core(TM) i5-11400 @ 2.60GHz,8192,KINGSTON SA400S37480G 387/480,480,387,Intel(R) UHD Graphics 730,"Realtek PCIe GbE Family Controller (14:EB:B6:BF:12:0A), Intel(R) Ethernet Connection (14) I219-V (C8:7F:54:59:56:FB)",High Definition Audio Device,,"Generic Monitor (HP P22v G4), Generic Monitor (HP P22v G4) (CN42130J3W)",192.168.0.157,N/D
,Matriz,PCF0313,PRIME H510M-E,11th Gen Intel(R) Core(TM) i5-11400 @ 2.60GHz,8192,KINGSTON SA400S37480G 201/480,480,201,NVIDIA GeForce GT 710,Intel(R) Ethernet Connection (14) I219-V (C8:7F:54:69:E0:96),"High Definition Audio Device, NVIDIA Virtual Audio Device (Wave Extensible) (WDM), NVIDIA High Definition Audio",,"Generic Monitor (LF22T35) (H1AK500000), Generic Monitor (LF22T35) (H1AK500000)",192.168.0.231,N/D
,Matriz,PCF0315,PRIME H610M-K D4,12th Gen Intel(R) Core(TM) i7-12700,32768,CT500P2SSD8 258/500,500,258,NVIDIA GeForce RTX 3060 Ti,Realtek PCIe GbE Family Controller (50:EB:F6:B7:15:24),"NVIDIA High Definition Audio, High Definition Audio Device",,"Generic Monitor (LF22T35) (H1AK500000), Generic Monitor (HP P21b G4) (1CR1361DDT)",192.168.0.239,N/D
,Matriz,PCF0316,PRIME H510M-E,11th Gen Intel(R) Core(TM) i5-11400 @ 2.60GHz,32768,"TOSHIBA DT01ACA100 349/1000, CT500P3SSD8 218/500",1500,567,"NVIDIA GeForce GTX 1050 Ti, Intel(R) UHD Graphics 730","Bluetooth Device (Personal Area Network) (E8:48:B8:C8:40:00), Intel(R) Ethernet Connection (14) I219-V (C8:7F:54:69:E0:24)","High Definition Audio Device, NVIDIA Virtual Audio Device (Wave Extensible) (WDM), NVIDIA High Definition Audio",,"Generic Monitor (S24F350), Generic Monitor (LS24A33x) (H4TW200328)",192.168.0.198,N/D
,Matriz,PCF0319,0YP4HV,Intel(R) Core(TM) i5-10505 CPU @ 3.20GHz,8192,NVMe Micron 2450 NVMe 256GB 158/256,256,158,Intel(R) UHD Graphics 630,Intel(R) Ethernet Connection (14) I219-LM (74:86:E2:2D:F4:8D),"Realtek Audio, Sonido Intel(R) para pantallas",ATA HL-DT-ST DVD+/-RW GU90N,"Generic Monitor (HP P22v G4), Generic Monitor (HP P22v G4) (CN42103SXN)",192.168.0.29,N/D
,Matriz,PCF0320,0YP4HV,Intel(R) Core(TM) i5-10505 CPU @ 3.20GHz,8192,NVMe Micron 2450 NVMe 256GB 157/256,256,157,Intel(R) UHD Graphics 630,Intel(R) Ethernet Connection (14) I219-LM (74:86:E2:2E:A6:E3),"Realtek Audio, Sonido Intel(R) para pantallas",ATA HL-DT-ST DVD+/-RW GU90N,"AOC 2070W, AOC 2070W (AQPK81A000177?H???ñK??????????# ??ƒ?)",192.168.0.25,N/D
,Matriz,PCF0321,PRIME H510M-D,11th Gen Intel(R) Core(TM) i5-11400 @ 2.60GHz,16384,KINGSTON SNV2S500G 341/500,500,341,Intel(R) UHD Graphics 730,Intel(R) Ethernet Connection (14) I219-V (E8:9C:25:0F:08:4C),"High Definition Audio Device, USB Audio Device",,"Generic Monitor (S22A33x) (H4TW400253), Generic Monitor (S22A33x)",192.168.0.251,N/D
,Matriz,PCF0322,PRIME H510M-D,11th Gen Intel(R) Core(TM) i5-11400 @ 2.60GHz,16384,"KINGSTON SNV2S500G 352/500, CT1000BX500SSD1 601/1000",1500,953,NVIDIA GeForce GT 710,"TP-Link Wireless N PCI Express Adapter (5C:E9:31:E0:72:2C), SonicWALL Virtual NIC, Intel(R) Ethernet Connection (14) I219-V (E8:9C:25:0F:08:37)","NVIDIA High Definition Audio, High Definition Audio Device",,"Generic Monitor (S22A33x) (H4TW200852), Generic Monitor (S22A33x) (H4TW200466)",192.168.0.108,N/D
,Matriz,PCF0323,04H8YK,12th Gen Intel(R) Core(TM) i3-12100,8192,NVMe INTEL SSDPEKNU512GZ 425/512,512,425,"Radeon 550, Intel(R) UHD Graphics 730","Intel(R) Wi-Fi 6E AX211 160MHz (7C:B5:66:BF:D9:66), Intel(R) Ethernet Connection (17) I219-LM (08:92:04:E5:4F:D1), Bluetooth Device (Personal Area Network) (7C:B5:66:BF:D9:6A)",Realtek Audio,ATA HL-DT-ST DVD+/-RW GU90N,"Generic PnP Monitor (H4TW200884), Generic PnP Monitor (H4TW200718)",192.168.0.42,N/D
,Matriz,PCF0326,0GCY4M,12th Gen Intel(R) Core(TM) i5-12500,16384,"WDC WD10SPSX-75A6WT0 988/1000, NVMe PC SN740 NVMe WD 256GB 48/256",1256,1036,Intel(R) UHD Graphics 770,"Intel(R) Wi-Fi 6E AX210 160MHz (14:75:5B:E6:84:8F), Bluetooth Device (Personal Area Network) (14:75:5B:E6:84:93), Realtek PCIe GbE Family Controller (CC:96:E5:06:41:20)","USB Audio Device, Realtek Audio",ATA HL-DT-ST DVD+/-RW GU90N,"Generic Monitor (2070W) (AQPK81A000045?Ò???ñK??????????# ??ƒ?), Generic Monitor (LG HD)",192.168.0.100,N/D
,Matriz,PCF0329,0GCY4M,12th Gen Intel(R) Core(TM) i5-12500,16384,"WDC WD10SPSX-75A6WT0 585/1000, NVMe PC SN740 NVMe WD 256GB 132/256",1256,717,Intel(R) UHD Graphics 770,"Intel(R) Wi-Fi 6E AX210 160MHz (14:75:5B:E6:A0:0A), Bluetooth Device (Personal Area Network) (14:75:5B:E6:A0:0E), Realtek PCIe GbE Family Controller (CC:96:E5:06:3F:48)",Realtek Audio,ATA HL-DT-ST DVD+/-RW GU90N,"Generic Monitor (S22A33x) (H4TW301050), Generic Monitor (S22A33x) (H4TW301089)",192.168.0.61,N/D
,Matriz,PCF0330,PRIME H510M-K R2.0,11th Gen Intel(R) Core(TM) i5-11400 @ 2.60GHz,16384,"ST1000DM010-2EP102 998/1000, NVMe HP SSD EX950 512GB 409/512",1512,1407,Intel(R) UHD Graphics 730,Realtek PCIe GbE Family Controller (E8:9C:25:28:A3:B7),High Definition Audio Device,,"Generic PnP Monitor (AQPK81A000156?`), Generic PnP Monitor",192.168.0.93,N/D
,Matriz,PCF0331,PRIME H510M-K R2.0,11th Gen Intel(R) Core(TM) i5-11400 @ 2.60GHz,16384,"ST1000DM010-2EP102 756/1000, HP SSD EX950 512GB 377/512",1512,1133,Intel(R) UHD Graphics 730,Realtek PCIe GbE Family Controller (E8:9C:25:28:A3:AF),High Definition Audio Device,,"Generic PnP Monitor (H4TW200670), Generic PnP Monitor",192.168.0.95,N/D
,Matriz,PCF0332,PRIME H510M-K R2.0,11th Gen Intel(R) Core(TM) i5-11400 @ 2.60GHz,16384,HP SSD EX950 512GB 409/512,512,409,Intel(R) UHD Graphics 730,Realtek PCIe GbE Family Controller (E8:9C:25:28:99:37),High Definition Audio Device,,"Generic Monitor (2070W) (AQPK81A000397?g???ñK??????????# ??ƒ?), Generic Monitor (HP P204)",192.168.0.60,N/D
,Matriz,PCF0333,PRIME H510M-K R2.0,11th Gen Intel(R) Core(TM) i5-11400 @ 2.60GHz,16384,"WDC WD10EZEX-60WN4A1 782/1000, HP SSD EX950 512GB 430/512",1512,1212,Intel(R) UHD Graphics 730,Realtek PCIe GbE Family Controller (E8:9C:25:28:96:09),High Definition Audio Device,,"Generic Monitor (HP P204) (3CQ9300B36), Generic Monitor (1970W)",192.168.0.26,N/D
,Matriz,PCF283,843B,Intel(R) Core(TM) i3-8100 CPU @ 3.60GHz,8192,Intel Optane+932GBHDD 748/1000,1000,748,Intel(R) UHD Graphics 630,"Realtek RTL8821CE 802.11ac PCIe Adapter (80:2B:F9:69:84:11), Realtek PCIe GbE Family Controller (F4:39:09:2D:3E:3E)","Realtek High Definition Audio, Intel(R) Display Audio",hp PLDS DVDRW  DU8AESH,"Generic PnP Monitor, Generic PnP Monitor (H1AK500000)",192.168.0.27,N/D
,Terminales,PCF0104,H81M-A,Intel(R) Pentium(R) CPU G3260 @ 3.30GHz,6144,ST1000DM010-2EP102 898/1000,1000,898,Intel(R) HD Graphics,Realtek PCIe GbE Family Controller (38:D5:47:25:0F:C4),Realtek High Definition Audio,HL-DT-ST DVDRAM GH24NSC0,Generic PnP Monitor,192.168.0.228,N/D
,Terminales,PCF0200,N/D,N/D,N/D,N/D,N/D,N/D,N/D,N/D,N/D,N/D,N/D,192.168.0.194,N/D
,Terminales,PCF0288,N/D,N/D,N/D,N/D,N/D,N/D,N/D,N/D,N/D,N/D,N/D,192.168.0.131,N/D
,Terminales,PCF0324,N/D,N/D,N/D,N/D,N/D,N/D,N/D,N/D,N/D,N/D,N/D,192.168.0.252,N/D
,VMs,FILE-SERVER,Virtual Machine,Intel(R) Xeon(R) Gold 5118 CPU @ 2.30GHz,16000,"Microsoft Virtual Disk 91/644, Microsoft Virtual Disk 107/136",780,198,Vídeo de Microsoft Hyper-V,Microsoft Hyper-V Network Adapter (00:15:5D:63:87:05),,,Generic Non-PnP Monitor,192.168.40.11,N/D
,VMs,SEBAOTPRUEBA,Virtual Machine,Intel(R) Xeon(R) Gold 5118 CPU @ 2.30GHz,32000,"Microsoft Virtual Disk 150/536, Microsoft Virtual Disk 29/161",697,179,Vídeo de Microsoft Hyper-V,Microsoft Hyper-V Network Adapter (00:15:5D:63:87:0A),,,Generic Non-PnP Monitor,192.168.40.67,N/D
,VMs,SRV2K16-KAV,Virtual Machine,Intel(R) Xeon(R) CPU           E5520  @ 2.27GHz,8000,Microsoft Virtual Disk 56/161,161,56,Vídeo de Microsoft Hyper-V,Microsoft Hyper-V Network Adapter (00:15:5D:63:4E:1B),,,Generic Non-PnP Monitor,127.0.0.1,N/D
,VMs,SRV2K16-VEEAM,Virtual Machine,Intel(R) Xeon(R) CPU E5-2620 0 @ 2.00GHz,16000,Microsoft Virtual Disk 43/161,161,43,Vídeo de Microsoft Hyper-V,Microsoft Hyper-V Network Adapter (00:15:5D:3E:9C:00),,,Generic Non-PnP Monitor,192.168.40.143,N/D
,VMs,SRV2K16-VM4,Virtual Machine,Intel(R) Xeon(R) Silver 4110 CPU @ 2.10GHz,24000,Microsoft Virtual Disk 155/343,343,155,Vídeo de Microsoft Hyper-V,Microsoft Hyper-V Network Adapter (00:15:5D:63:23:01),,,Generic Non-PnP Monitor,192.168.40.130,N/D
,VMs,SRV2K16-WSUS,Virtual Machine,Intel(R) Xeon(R) CPU E5-2620 0 @ 2.00GHz,20000,"Microsoft Virtual Disk 69/161, MSFT Virtual HD SCSI Disk Device 685/3999",4160,754,Vídeo de Microsoft Hyper-V,Microsoft Hyper-V Network Adapter (00:15:5D:3E:9C:04),,Microsoft Virtual DVD-ROM,Generic Non-PnP Monitor,192.168.40.15,N/D
,VMs,SRV2K19-DLP,Virtual Machine,Intel(R) Xeon(R) Gold 5118 CPU @ 2.30GHz,16000,"Microsoft Virtual Disk 298/322, Microsoft Virtual Disk 95/136",458,393,Vídeo de Microsoft Hyper-V,Microsoft Hyper-V Network Adapter (00:15:5D:63:87:01),,,Generic Non-PnP Monitor,192.168.40.152,N/D
,VMs,SRV2K19-VM1,Virtual Machine,Intel(R) Xeon(R) Gold 5118 CPU @ 2.30GHz,20000,Microsoft Virtual Disk 31/161,161,31,Microsoft Hyper-V Video,Microsoft Hyper-V Network Adapter (00:15:5D:63:87:00),,,Generic PnP Monitor,192.168.40.1,N/D
,VMs,SRV2K22-MAIL,Virtual Machine,Intel(R) Xeon(R) CPU E5-2650 0 @ 2.00GHz,24000,"QNAP iSCSI Storage SCSI Disk Device 0/2199, Microsoft Virtual Disk 561/966, Microsoft Virtual Disk 64/136",3301,625,Microsoft Hyper-V Video,Microsoft Hyper-V Network Adapter (00:15:5D:63:8A:06),,,Generic PnP Monitor,192.168.40.7,N/D
,VMs,SRVFOTOS2K19,Virtual Machine,Intel(R) Xeon(R) Silver 4410Y,60000,"Microsoft Virtual Disk 737/3221, Microsoft Virtual Disk 57/136, Microsoft Virtual Disk 52/429",3787,846,Microsoft Hyper-V Video,Microsoft Hyper-V Network Adapter (00:15:5D:CF:A6:02),,,Generic PnP Monitor,192.168.40.2,N/D
,VMs,SRVSEBAOT,Virtual Machine,Intel(R) Xeon(R) Silver 4410Y,210000,"Microsoft Virtual Disk 240/536, Microsoft Virtual Disk 102/136, Microsoft Virtual Disk 302/751",1424,644,Microsoft Hyper-V Video,Microsoft Hyper-V Network Adapter (00:15:5D:CF:A6:04),,,Generic PnP Monitor,192.168.40.3,N/D
,VMs,SRVSEBAOTVIEJO,Virtual Machine,Intel(R) Xeon(R) Silver 4410Y,210000,"Microsoft Virtual Disk 116/536, Microsoft Virtual Disk 232/322, Microsoft Virtual Disk 125/751",1610,473,Microsoft Hyper-V Video,Microsoft Hyper-V Network Adapter (00:15:5D:CF:A6:00),,,Generic PnP Monitor,192.168.40.30,N/D
,VMs,WEB2K16-VM1,Virtual Machine,Intel(R) Xeon(R) Silver 4110 CPU @ 2.10GHz,16000,Microsoft Virtual Disk 123/161,161,123,Vídeo de Microsoft Hyper-V,Microsoft Hyper-V Network Adapter (00:15:5D:28:23:10),,,Generic Non-PnP Monitor,192.168.40.247,N/D
,VMs,WEB2K19-VM2,Virtual Machine,Intel(R) Xeon(R) CPU E5-2650 0 @ 2.00GHz,10000,Microsoft Virtual Disk 40/136,136,40,Microsoft Hyper-V Video,Microsoft Hyper-V Network Adapter (00:15:5D:63:8A:03),,,Generic PnP Monitor,192.168.40.246,N/D
